Tspan12,Tshz1,Fnbp1l,Adamts15,Cldn12,Rxfp1,2310042E22Rik,Sema3c,Jam2,Apbb1ip,Frem2,BC005764,Deptor,C130030K03Rik,Klhl13,Tnfaip8l3,Ascl1,Atp1b2,Tmem132e,Prkar2b,Necab1,Nr2f2,Stmn1-rs1,Shisa9,Sub1,Vat1l,Pcdh18,Dpysl5,Agtr2,Cxcl14,Ptprf,Cers5,Nacc2,Cntnap2,Asic4,Tph2,Rit2,Scg2,Nr2e1,Bmp3,B3galnt1,Gm9846,Kcnn1,Fam19a2,Samd4,Stmn1,Egln3,Bmper,Cd200,1810041L15Rik,Rnf128,P2ry1,Sorcs1,Htr3a,Kcnip1,Sco2,2610044O15Rik8,Tmem41b,Cdh9,Ppp2r3d,Usp28,Trib2,L2hgdh,Cited2,Btbd11,Rgs12,Cnr1,Kcnd3,Htr3b,Sulf2,Capn5,Osbpl5,Nrtn,Nr2f1,Galnt14,Slc35f1,Mmgt1,Htr7,E130309F12Rik,Wtap,Racgap1,Arhgap24,Maml3,Gng2,Tnc,Fndc3a,Npas3,Celf6,Inpp4b,Npas1,Ache,Clnk,Sel1l3,Adarb2,Nrxn3,Fam211b,Akap7,Chrna4,Ugp2,Tmem242,Csdc2,Camk2d,Rph3a,Olfm2,Pcp4l1,Ablim1,Igf1,Sorcs2,Ddah1,3110043O21Rik,Adra1b,Vash2,2510009E07Rik,Zfp518b,Magi3,Capza1,Enho,Asic1,Gng4,Bend4,Stat5b,Cntn4,Slc35f4,Frmd7,Pdzd2,Erbb4,Bglap2,Tac2,Rpl34-ps1,Fam163a,Gm11110,Hcn3,Cenpa,Col6a3,Dlx6os1,Col15a1,Cacng5,Xist,Scn7a,Dennd2a,Wnt5a,Tmem229b,Cbln2,Bloc1s3,Socs2,Slc18a3,Mybpc1,AI848285,Wnt5b,Tcerg1l,Scgn,Myl1,Chat,Gpr176,Gpr68,Hcrtr2,Cntn6,Col24a1,Glra2,Rgs16,Scn5a,Grpr,Penk,Calb2,Rgs8,Slc5a6,Vangl2,A230072E10Rik,Bard1,Lca5l,H2-M5,Bag2,Trpc3,Fam159b,Gpc3,Clrn1,Dnajc4,Rimklb,2610002M06Rik,Cep120,Dfna5,Dlx1,Panx1,Slc7a1,Dlx2,Acpl2,Pag1,Syngr3,Rbms3,Pgap1,Dzank1,Dcx,Nap1l5,Dbndd1,Lancl3,Peg3,Rimkla,1500011B03Rik,Tbc1d8,Dnm3,Prpsap1,Neto1,Syt13,Marcks,Lhfpl3,Nap1l3,Tmsb10,Fgf12,Pitpnc1,Hsdl1,Iglon5,Kcnh2,Thsd7a,Arhgdig,Slc25a33,AI504432,Rpp25,Rassf5,Tmem130,Slc8a3,Whrn,Cib2,Sfrp2,Tgoln1,Rcan3,Cdh7,Camk2n2,Ccne1,Ppme1,Polr3d,Ugdh,Glce,Klhl29,Mettl25,Mrto4,Sncb,Tmem178,Tfap4,Dnajb9,Zfp385a,AF529169,Fam161b,Foxred2,Wdr37,Ppp1r3f,Nploc4,Mpp3,Dlc1,Ino80e,Smim19,Tbc1d24,Serp2,Dexi,Samd10,Ppfia4,Fnta,Rab11fip5,Camk1,Snx8,Pelo,Pitpnm3,Ttn,B3galt6,Afg3l2,Hibadh,Dnm1l,Gpr83,Uqcc1,Cdv3,Egfr,Esrrg,Pank1,Polr2m,9630033F20Rik,Adrbk2,Syne1_loc2,Ctnna2,Arl5a,Gjd2,Pebp1,Adc,Cxx1b,Gnal,Cdc27,Arhgef10l,Nr1d2,Elavl4,Cntnap1,Cops7a,Tmem184b,Cerk,Map1lc3a,Elof1,Pitpna,Faim2,Slc45a1,Kcnc1,Maneal,Psmb4,B4galt5,Impad1,Myo5a,Nipal3,Mafb,Dynll2,Gnas,Ctsd,Gng3,Slc38a1,Kif1a,Pgam1,Tcf25,Stxbp1,Rims2,Scn1a,Efhd2,Lgmn,Vamp1,Stox2,Rnf11,Plcb4,Tspyl4,Lynx1,Capns1,Ttyh3,Vegfb,Tiam1,Bcap29,Haus4,Cxx1c,Slc32a1,Gas6,Prkar1b,Scoc,Ell2,Adam9,Pdxk,Nat8l,Dnajb1,Syngr1,Bex2,Aldoa,Elavl2,Cand1,Orc5,Srrm4,Rnf217,Dlx1os,Atp6v0d1,Pkm,Pacsin2,Rab5b,Cdr1,Dleu7,Rufy3,Sult4a1,Phyhipl,Aldh5a1,Slc1a4,Kbtbd2,Etl4,Cpeb3,Shroom2,Gapdh,Adarb1,Atp6v1b2,Fundc1,Rangap1,LOC106740,Rcan2,Mllt11,Rap1gds1,Zc4h2,Cplx1,Kcna6,Arnt2,AA465934,Vdac1,Slc25a3,Abat,Lrrc3b,Rpl3,Kcna2,Pclo,Ankib1,Hspa8,Lpgat1,Adcyap1r1,Cltb,Hdgfrp3,Fam102b,Hccs,Vwc2,Lrtm2,Asic2,Tbc1d9,Klc1,Lpin1,Ndn,Rpl41,Ids,Sfxn1,Dnlz,Fam63b,Neto2,Grip1,Abhd8,Ctps,Ntrk2,Cspg5,Syt1,Msi2,Gm13363,Gabarapl1,Eef1a2,Uba1,Fam163b,Mvb12b,Got2,Scg3,Ipo4,Ndrg4,Srcin1,Armcx2,Lbh,Smyd2,Uggt1,Ppip5k2,Sv2a,Wbp2,Stau2,Rab3a,Clip3,Smap1,Atcay,Prune2,Polr3h,Zfp941,Impact,Pcsk1n,Pdxp,Rasgrf2,Bcat1,Celf4,Slc6a17,Nova1,Gnb1,Cend1,Pten,Gm6682,Cep170b,Hdac6,Syp,Fam3c,Steap2,Pink1,Apba1,Fam149a,Atp6v0e2,Rnf14,Oxct1,Cxxc4,Rps26,Mcm6,Atp6v0c-ps2,Vamp2,Slc2a3,Ppm1h,Rcn2,Nipal2,Bex1,Ide,Impdh1,Alg2,Sorbs1,Grb10,Rab6b,Rusc1,Aktip,Gdap1,Uri1,Fbxo9,Capn2,Slc25a46,Fam168b,Glud1,2900056M20Rik,Tceal5,Mbtps2,Purb,Trove2,Sipa1l2,Reep5,Bcar1,Clstn3,Rtca,Azin1,Slc23a2,Atp6v1a,Pcgf2
0,0.8,0,0,0,0,0,0,0,0,0,0,0,0,0,0,0,0,0,0,0,0,0,0,0,0,0,0,0,0,0,0,0,0,0,0,0,0,0,0,0,0,0,0,0,0,0,0,0,0,0,0,0,0,0,0,0,0,0,0,0,0,0,0,0,0,0,0,0,0,0,0,0,0,0,0,0,0,0,0,0,0,0,0,0,0,0,0,0,0,0,0,0,0,0,0,0,0,0,0,0,0,0,0,0,0,0,0,0,0,0,0,0,0,0,0,0,0,0,0,0,0,0,0,0,0,0,0,0,0,0,0,0,0,0,0,0,0,0,0,0,0,0,0,0,0,0,0,0,0,0,0,0,0,0,0,0,0,0,0,0,0,0,0,0,0,0,0,0,0,0,0,0,0,0,0,0,0,0,0,0,0,0,0,0,0,0,0,0,0,0,0,0,0,0,0,0,0,0,0,0,0,0,0,0,0,0,0,0,0,0,0,0,0,0,0,0,0,0,0,0,0,0,0,0,0,0,0,0,0,0,0,0,0,0,0,0,0,0,0,0,0,0,0,0,0,0,0,0,0,0,0,0,0,0,0,0,0,0,0,0,0,0,0,0,0,0,0,0,0,0,0,0,0,0,0,0,0,0,0,0,0,0,0,0,0,0,0,0,0,0,0,0,0,0,0,0,0,0,0,0,0,0,0,0,0,0,0,0,0,0,0,0,0,0,0,0,0,0,0,0,0,0,0,0,0,0,0,0,0,0,0,0,0,0,0,0,0,0,0,0,0,0,0,0,0,0,0,0,0,0,0,0,0,0,0,0,0,0,0,0,0,0,0,0,0,0,0,0,0,0,0,0,0,0,0,0,0,0,0,0,0,0,0,0,0,0,0,0,0,0,0,0,0,0,0,0,0,0,0,0,0,0,0,0,0,0,0,0,0,0,0,0,0,0,0,0,0,0,0,0,0,0,0,0,0,0,0,0,0,0,0,0,0,0,0,0,0,0,0,0,0,0,0,0,0,0,0,0,0,0,0,0,0,0,0,0,0,0,0,0,0,0,0,0,0,0,0,0,0,0,0,0,0,0,0,0,0,0,0,0,0,0,0,0,0,0,0,0,0,0,0,0,0,0,0,0,0,0,0,0
1,0,0.801283871201123,0,0,0,0,0,0,0,0,0,0,0,0,0,0,0,0,0,0,0,0,0,0,0,0,0,0,0,-0.0173819716389668,0,0,0,0,0,0,0,0,0,0,0,0,0,0,0,0,0,0,0,0,0,0,0,0,0,0,0,0,0,0,0,0,0,0,0,0,0,0,0,0,0,0,0,-0.00558005167419521,0,0,0,0,0,0,0,0,0,0,0,0,0,0,0,0,0,0,0,0,0,0,0,0,0,0,0,0,-0.00435109607807946,0,0,0,0,0,0,0,0,0,0,0,0,0,0,0,0,0,0,0,0,0,0,0,0,0,0,0,0,0,0,0,0,0,0,0,0,0,0,0,0,0,0,0,0,0,0,0,0,0,0,0,0,0,0,0,0,0,0,0,0,0,0,0,0,0,0,0,0,0,0,0,0,0,0,0,0,0,0,0,0,0,0,0,0,0,0,0,0,0,0,0,0,0,0,0,0,-0.00825786804709636,0,0,0,0,0,0,0,0,0,0,0,0,0,0,0,0,0,0,0,0,0,0,0,0,0,0,-0.0150898189383668,0,0,0,0,0,0,0,0,0,0,0,0,0,0,0,0,0,0,0,0,0,0,0,0,0,0,0,0,0,0,0,0,0,0,0,0,0,0,0,0,0,0,0,0,0,0,0,0,0,0,0,0,0,0,0,0,0,0,0,0,0,0,0,0,0,0,0,0,0,0,0,0,0,0,0,0,0,0,0,0,0,0,0,0,0,0,0,0,0,0,0,0,0,0,0,0,0,0,0,0,0,0,0,0,0,0,0,0,0,0,0,0,0,0,0,0,0,0,0,0,0,0,0,0,0,0,0,0,0,0,0,0,0,0,0,0,0,0,0,0,0,0,0,0,0,0,0,0,0,0,0,0,0,0,0,0,0,0,0,0,0,0,0,0,0,0,0,0,0,0,0,0,0,0,0,0,0,0,0,0,0,0,0,0,0,0,0,0,0,0,0,0,0,0,0,0,0,0,0,0,0,0,0,0,0,0,0,0,0,0,0,0,0,0,0,0,0,0,0,0,0,0,0,0,0,0,0,0,0,0,0,0,0,0,0,0,0,0,0,0,0,0,0,0,0,0,0,0,0,0,0,0,0,0,0,0,0,0,0,0,0,0,0,0,0,0,0,0,0,0,0,0,0
2,0,0,0.851228610227111,0,0,0,0,0,0,0,0,0,0,0,0,0,0,0,0,-0.0274628164004039,0,0,0,0,0,0,0,0,0,0,0,0,0,0,0,0,0,0,0,0,0,0,0,0,0,-0.0314334020048118,0,0,0,0,0,0,0,0,0,0,0,0,0,0,0,0,0,0,0,0,0,0,0,0,0,0,0,-0.00265331365485124,0,0,0,0,0,0,0,0,0,0,0,0,0,0,0,0,0,0,0,0,0,0,0,0,0,0,0,0,-0.0293969881160361,0,0,-0.000357788510617448,0,0,0,0,0,0,0,0,0,0,0,0,0,0,0,0,0,0,0,0,0,0,0,0,0,0,0,0,0,0,0,0,0,0,0,0,0,0,0,0,0,0,0,0,0,0,0,0,0,0,0,0,0,0,0,0,0,0,0,0,0,0,0,0,0,0,0,0,0,0,0,0,0,0,0,0,0,0,0,0,0,0,0,0,0,0,0,0,0,0,0,0,0,0,0,0,0,0,0,0,-0.0241978391400053,0,0,0,0,0,0,0,0,0,0,0,0,0,0,0,0,0,0,0,0,0,0,0,0,0,0,0,0,0,-0.00852225170957776,0,0,0,0,0,0,0,0,0,0,0,0,0,0,0,0,0,0,0,0,0,0,0,0,0,0,0,0,0,0,0,0,0,0,0,0,0,0,0,0,0,0,0,0,0,0,0,0,0,0,0,0,0,0,0,0,0,0,0,0,0,0,0,0,0,0,0,0,0,0,0,0,0,0,0,-0.0377569464657686,0,0,0,0,0,0,0,0,0,0,0,0,0,0,0,0,0,0,0,0,0,0,0,0,0,0,-0.0409055158106745,0,0,0,0,0,0,0,0,0,0,0,0,0,0,0,-0.0181353329476416,0,0,0,0,0,0,0,0,0,0,0,0,0,0,0,0,0,0,0,0,0,0,0,0,0,0,0,0,0,0,0,0,0,-0.018704282514003,0,0,0,0,0,0,0,0,0,0,0,0,0,0,0,0,0,0,0,0,-0.0178620140089767,0,0,0,-0.00620520658715034,0,-0.0345056598824528,0,0,0,0,0,-0.000437481247084477,0,0,0,0,0,0,0,0,0,0,0,0,0,0,0,0,0,0,0,0,-0.0316351198182867,-0.0103979700995587,0,0,0,0,0,0,0,0,0,0,0,0,0,0,0,0,0,0,0,0,0,0,0,0,0,0,0,0,0,0,0,-0.0336610347506434,0,0,0,0,0,0,0,0,0,0,0,0,-0.00187278711731952,0,0,0,0,0,0,0,0,0,0
3,0,0,0,0.801270164176692,0,0,0,-0.0238672336295843,0,0,0,0,0,0,0,0,0,0,0,0,0,0,0,0,0,0,0,0,0,0,0,0,0,0,0,0,0,0,0,0,0,0,0,0,0,0,0,0,0,0,0,0,0,0,-0.0137614743251913,0,0,0,0,0,0,0,0,0,0,0,0,0,0,0,0,0,0,0,0,0,0,0,0,0,0,0,0,0,0,0,0,0,0,0,0,0,0,0,0,0,0,0,0,0,0,0,0,0,0,0,0,0,0,0,0,0,0,0,0,0,0,0,0,0,0,0,0,0,0,0,0,0,0,0,0,0,0,0,0,0,0,0,0,0,0,0,0,0,0,0,0,0,0,0,0,0,0,0,0,0,0,0,0,0,0,0,0,0,0,0,0,0,0,0,0,0,0,0,0,0,0,0,0,0,0,0,0,0,0,0,0,0,0,0,0,0,0,0,0,0,0,0,0,0,0,0,0,0,0,0,0,0,0,0,0,0,0,0,0,0,0,0,0,0,0,0,0,0,0,0,0,0,0,0,0,0,0,0,0,0,0,0,0,0,0,0,0,0,0,0,0,0,0,0,0,0,0,0,0,0,0,0,0,0,0,0,0,0,0,0,0,0,0,0,0,0,0,0,0,0,0,0,0,0,0,0,0,0,0,0,0,0,0,0,0,0,0,0,0,0,0,0,0,0,0,0,0,0,0,0,0,0,0,0,0,0,0,0,0,0,0,0,0,0,0,0,0,0,0,0,0,0,0,0,0,0,0,0,0,0,0,0,0,0,0,0,0,0,0,0,0,0,0,0,0,0,0,0,0,0,0,0,0,0,0,0,0,0,0,0,0,0,0,0,0,0,0,0,0,0,0,0,0,0,0,0,0,0,0,0,0,0,0,0,0,0,0,0,0,0,0,0,0,0,0,0,0,0,0,0,0,0,0,0,0,0,0,0,0,0,0,0,0,0,0,0,0,0,0,0,0,0,0,0,0,0,0,0,0,0,0,0,0,0,0,0,0,0,0,0,0,0,0,0,0,0,0,0,0,0,0,0,0,0,0,0,0,0,0,0,0,0,0,0,0,0,0,0,0,0,0,0,0,0,0,0,0,0,0,0,0,0,0,0,0,0,0,0,0,0,0,0,0,0
4,0,0,0,0,0.8,0,0,0,0,0,0,0,0,0,0,0,0,0,0,0,0,0,0,0,0,0,0,0,0,0,0,0,0,0,0,0,0,0,0,0,0,0,0,0,0,0,0,0,0,0,0,0,0,0,0,0,0,0,0,0,0,0,0,0,0,0,0,0,0,0,0,0,0,0,0,0,0,0,0,0,0,0,0,0,0,0,0,0,0,0,0,0,0,0,0,0,0,0,0,0,0,0,0,0,0,0,0,0,0,0,0,0,0,0,0,0,0,0,0,0,0,0,0,0,0,0,0,0,0,0,0,0,0,0,0,0,0,0,0,0,0,0,0,0,0,0,0,0,0,0,0,0,0,0,0,0,0,0,0,0,0,0,0,0,0,0,0,0,0,0,0,0,0,0,0,0,0,0,0,0,0,0,0,0,0,0,0,0,0,0,0,0,0,0,0,0,0,0,0,0,0,0,0,0,0,0,0,0,0,0,0,0,0,0,0,0,0,0,0,0,0,0,0,0,0,0,0,0,0,0,0,0,0,0,0,0,0,0,0,0,0,0,0,0,0,0,0,0,0,0,0,0,0,0,0,0,0,0,0,0,0,0,0,0,0,0,0,0,0,0,0,0,0,0,0,0,0,0,0,0,0,0,0,0,0,0,0,0,0,0,0,0,0,0,0,0,0,0,0,0,0,0,0,0,0,0,0,0,0,0,0,0,0,0,0,0,0,0,0,0,0,0,0,0,0,0,0,0,0,0,0,0,0,0,0,0,0,0,0,0,0,0,0,0,0,0,0,0,0,0,0,0,0,0,0,0,0,0,0,0,0,0,0,0,0,0,0,0,0,0,0,0,0,0,0,0,0,0,0,0,0,0,0,0,0,0,0,0,0,0,0,0,0,0,0,0,0,0,0,0,0,0,0,0,0,0,0,0,0,0,0,0,0,0,0,0,0,0,0,0,0,0,0,0,0,0,0,0,0,0,0,0,0,0,0,0,0,0,0,0,0,0,0,0,0,0,0,0,0,0,0,0,0,0,0,0,0,0,0,0,0,0,0,0,0,0,0,0,0,0,0,0,0,0,0,0,0,0,0,0,0,0,0,0,0,0,0,0,0,0,0,0,0,0,0,0,0,0,0,0
5,0,0,0,0,0,0.804135875354889,-0.0435016344039864,0,0,0,0,0,0,0,-0.00545987387838849,0,0,0,0,-0.00478649389307992,0,-0.00969623782479195,0,0,0,0,0,0,0,-0.0225937228063518,0,0,0,0,0,0,0,0,0,0,0,0,0,0,0,0,0,0,0,0,0,0,0,0,0,0,0,0,-0.00242303323780947,0,0,0,0,0,0,0,0,0,0,0,0,0,0,0,0,0,0,0,0,0,0,0,0,0,0,0,0,0,0,0,0,0,0,0,0,0,0,0,0,0,0,0,0,0,0,0,0,0,0,0,0,0,0,0,0,0,0,0,0,0,0,0,0,0,0,0,0,0,0,0,0,0,0,0,0,0,0,0,0,0,0,0,0,0,0,0,0,0,0,0,0,0,0,0,0,0,0,0,0,0,0,0,0,0,0,0,0,0,0,0,0,0,0,0,0,0,0,0,0,0,0,0,0,0,0,0,0,0,0,0,0,0,0,0,0,0,0,0,0,0,0,0,0,0,0,0,0,0,0,0,0,0,0,0,0,0,0,0,0,0,0,0,0,0,0,0,0,0,0,0,0,0,0,0,0,0,0,0,0,0,0,0,0,0,0,0,0,0,0,0,0,0,0,0,0,0,0,0,0,0,0,0,0,0,0,0,0,0,0,0,0,0,0,0,0,0,0,0,0,0,0,0,0,0,0,0,0,0,0,0,0,0,0,0,0,0,0,0,0,0,0,0,0,0,0,0,0,0,0,0,0,0,0,0,0,0,0,0,0,0,0,0,0,0,0,0,0,0,0,0,0,0,0,0,0,0,0,0,0,0,0,0,0,0,0,0,0,0,0,0,0,0,0,0,0,0,0,0,0,0,0,0,0,0,0,0,0,0,0,0,0,0,0,0,0,0,0,0,0,0,0,0,0,0,0,0,0,0,0,0,0,0,0,0,0,0,0,0,0,0,0,0,0,0,0,0,0,0,0,0,0,0,0,0,0,0,0,0,0,0,0,0,0,0,0,0,0,0,0,0,0,0,0,0,0,0,0,0,0,0,0,0,0,0,0,0,0,0,0,0,0,0,0,0,0,0,0,0,0,0,0,0,0,0,0,0,0,0,0,0,0,0,0,0,0,0,0,0,0,0,0,0,0,0,0,0,0,0,0,0,0,0,0,0,0,0,0,0,0,0
6,0,0,0,0,0,-0.04350163363106,0.842548937600231,0,0,-0.0494651130815961,0,0,0,0,-0.0597507373191688,0,0,0,-0.00483528152066731,-0.0247730056225558,0,-0.0856093599815576,0,0,0,0,0,0,0,-0.0101066170172751,0,0,0,0,0,0,0,0,0,0,0,0,0,0,0,0,-0.059572269922463,0,0,0,0,0,0,-0.0027603789300372,0,0,0,0,0,0,0,0,0,0,0,0,0,0,-0.0341050200152324,0,0,0,0,0,0,0,0,0,0,0,0,0,0,0,0,0,0,0,0,0,0,0,0,0,0,0,0,0,0,0,0,0,0,0,0,0,0,0,0,0,0,0,0,0,0,0,0,0,0,0,0,0,0,0,0,0,0,0,0,0,0,0,0,0,0,0,0,0,0,0,0,0,0,0,0,0,0,0,0,0,0,0,0,0,0,0,0,0,0,0,0,0,0,0,0,0,0,0,0,0,0,0,0,0,0,0,0,0,0,0,0,0,0,0,0,0,0,0,0,0,0,0,0,0,0,0,0,0,0,0,0,0,0,0,0,0,0,0,0,0,0,0,0,0,0,0,0,0,0,0,0,0,0,0,0,0,0,0,0,0,0,0,0,0,0,0,0,0,0,0,0,0,0,0,0,0,0,0,0,0,0,0,0,0,0,0,0,0,0,0,0,0,0,0,0,0,0,0,0,0,0,0,0,0,0,0,0,0,0,0,0,0,0,0,0,0,0,0,0,0,0,0,0,0,0,0,0,0,0,0,0,0,0,0,0,0,0,0,0,0,0,0,0,0,0,0,0,0,0,0,0,0,0,0,0,0,0,0,0,0,0,0,0,0,0,0,0,0,0,0,0,0,0,0,0,0,0,0,0,0,0,0,0,0,0,0,0,0,0,0,0,0,0,0,0,0,0,0,0,0,0,0,0,0,0,0,0,0,0,0,0,0,0,0,0,0,0,0,0,0,0,0,0,0,0,0,0,0,0,0,0,0,0,0,0,0,0,0,0,0,0,0,0,0,0,0,0,0,0,0,0,0,0,0,0,0,0,0,0,0,0,0,0,0,0,0,0,0,0,0,0,0,0,0,0,0,0,0,0,0,0,0,0,0,0,0,0,0,0,0,0,0,0,0,0,0,0,0,0,0,0,0,0,0,0,0,0,0,0,0,0,0,0,0,0,0,0,0,0,0,0,0,0,0,0,0,0,0,0,0
7,0,0,0,-0.0238672204487723,0,0,0,1.29982797140842,-0.0643012195555874,0,0,0,0,0,0,0,0,0,-0.0362929344578819,0,-0.0027805570442605,0,0,-0.148447859909449,0,0,0,0,0,0,0,0,0,-0.0234119896449388,0,0,0,0,0,-0.0285927315957678,0,0,0,0,-0.00512507972895484,0,0,0,0,0,0,-0.0397549752985473,0,0,-0.126212287935407,0,0,0,0,0,0,0,0,0,0,0,-0.145136363707991,0,0,0,0,0,0,0,-0.0111424818728459,0,0,0,-0.0676886919054508,0,0,0,0,0,0,0,0,0,-0.0622250761301747,-0.0354419980175641,0,0,0,0,0,0,0,0,0,0,0,0,0,0,-0.0312895353665539,0,-0.0142990522911416,0,0,0,0,0,0,0,0,0,0,0,-0.0607260681887004,0,-0.00270184851585578,0,0,-0.0085911676695066,0,0,0,0,0,0,0,0,0,0,-0.153407174343766,0,0,0,0,0,0,0,0,0,0,0,0,0,0,0,0,0,0,0,0,0,0,0,0,-0.00150747535416108,0,0,0,0,0,0,0,0,0,0,0,0,0,0,0,0,0,0,0,0,0,0,0,0,0,0,0,0,0,0,0,0,0,0,0,0,0,0,0,0,0,0,0,0,0,0,0,0,0,0,0,0,0,0,0,0,0,0,0,0,0,0,0,0,0,0,0,0,0,0,0,0,0,0,0,0,0,0,0,0,0,0,0,0,0,0,0,0,0,0,0,0,0,0,0,0,0,0,0,0,0,0,0,0,0,0,0,0,0,0,0,0,0,0,0,0,0,0,0,0,0,0,0,0,0,0,0,0,0,0,0,0,0,0,0,0,0,0,0,0,0,0,0,0,0,0,0,0,0,0,0,0,0,0,0,0,0,0,0,0,0,0,0,0,0,0,0,0,0,0,-0.0508462530403733,0,0,0,0,0,-0.0272408096726643,0,0,0,0,0,0,0,0,0,0,-0.103236317489922,0,0,0,0,0,0,0,0,0,0,0,0,0,0,0,0,-0.025256893684131,0,0,0,0,0,0,0,0,0,0,0,0,0,0,-0.0943650720315132,0,0,0,0,0,0,0,0,0,0,0,0,0,0,0,0,0,0,0,0,0,0,0,0,0,0,0,0,0,0,0,-0.0162163488312033,0,0,0,0,0,0,0,0,0,0,0,0,0,0,0,0,0,0,0,0,0,0,0,0,0,0,0,0,0,-0.0516230830490314,0,0,0,0,0,0,0,0,0,0,0,0,0,0,0,0,0,0,0,0,0,0,0,0,0,0,0,0,0,0,-0.0372069841470978,0,0,0,0,0,0,0,0,0,0,0,0,0,0,0,0,0,0,0,0,0,0,0,0,0,0,0
8,0,0,0,0,0,0,0,-0.064304165623125,0.909239654101758,0,0,0,0,0,-0.0443804470533216,0,0,0,0,0,0,0,0,-0.0416552304380605,0,0,0,0,0,-0.0602998445120232,0,0,0,0,0,0,0,0,0,0,0,0,0,0,0,0,-0.0795349501627058,0,0,0,0,0,0,0,-0.0990906147669076,0,0,0,0,0,0,0,0,0,0,-0.00060294869953513,0,0,0,0,0,0,0,0,0,0,0,0,-0.0129172043584216,0,0,-0.0294262530960374,0,0,0,0,0,0,0,0,0,-0.0254842479592813,0,0,0,0,0,0,0,0,-0.000191312517100803,0,0,0,-0.0504059408926679,0,0,0,0,0,0,0,0,0,0,0,0,0,-0.00533643657669323,0,0,0,0,0,0,0,0,-0.0138093638640427,0,0,0,0,0,0,0,0,0,0,0,0,0,0,0,0,0,0,0,0,0,0,0,0,0,0,0,0,0,0,0,0,0,0,0,0,0,0,0,0,0,0,0,0,0,0,0,0,0,0,0,0,0,0,0,0,0,0,0,0,0,0,0,0,0,0,0,0,0,0,0,0,0,0,0,0,0,0,0,0,0,0,0,0,0,0,0,0,0,0,0,0,0,0,0,0,0,0,0,0,0,0,0,0,0,0,0,0,0,0,0,0,0,0,0,0,0,0,0,0,0,0,0,0,0,0,0,0,0,0,0,0,0,0,0,0,0,0,0,0,0,0,0,0,0,0,0,0,0,0,0,0,0,0,0,0,0,0,0,0,0,0,0,0,0,0,0,0,0,0,0,0,0,0,0,0,0,0,0,0,0,0,0,0,0,0,0,0,0,0,0,0,0,0,0,0,0,0,0,0,0,0,0,0,0,0,0,0,0,0,0,0,0,0,0,0,0,0,0,0,0,0,0,0,0,0,0,0,0,0,0,0,0,0,0,0,0,0,0,0,0,0,0,0,0,0,0,0,0,0,0,0,0,0,0,0,0,0,0,-0.0351039984428103,0,0,0,0,0,0,0,0,0,0,0,0,0,0,0,0,0,0,0,0,0,0,0,0,0,0,0,0,0,0,0,0,0,0,0,0,0,0,0,0,0,0,0,0,0,0,0,0,0,0,0,0,0,0,0,0,0,0,0,0,0,0,0,0,0,0,0,0,0,0,0,0,0,0,0,0,0,0,0,0,0,0,0,0,0,0,0,0,0,0,0,0,0,0,0,0,0,0,0,0,0,0,0,0,0,0,0,0,0,0,0,0
9,0,0,0,0,0,0,-0.0494650844174876,0,0,0.852992240754745,0,0,-0.0170028185499202,0,-0.0187242533603141,0,0,0,0,-0.00477146245598045,0,-0.117901389520928,0,0,0,0,0,0,0,-0.080068315918114,0,0,0,0,-0.0105381044309099,0,0,0,-0.0125439960706833,0,0,0,0,0,0,0,-0.049149592049589,0,0,0,0,0,0,0,0,0,0,0,0,0,0,0,0,0,0,0,0,0,0,0,0,0,0,0,0,0,0,0,0,0,0,0,0,0,0,0,0,0,0,0,0,0,0,0,0,0,0,0,0,0,0,0,0,0,0,0,0,0,0,0,0,0,0,0,0,0,0,0,0,0,0,0,0,0,0,0,0,0,0,0,0,0,0,0,0,0,0,0,0,0,0,0,0,0,0,0,0,0,0,0,0,0,0,0,0,0,0,0,0,0,0,0,0,0,0,0,0,0,0,0,0,0,0,0,0,0,0,0,0,0,0,0,0,0,0,0,0,0,0,0,0,0,0,0,0,0,0,0,0,0,0,0,0,0,0,0,0,0,0,0,0,0,0,0,0,0,0,0,0,0,0,0,0,0,0,0,0,0,0,0,0,0,0,0,0,0,0,0,0,0,0,0,0,0,0,0,0,0,0,0,0,0,0,0,0,0,0,0,0,0,0,0,0,0,0,0,0,0,0,0,0,0,0,0,0,0,0,0,0,0,0,0,0,0,0,0,0,0,0,0,0,0,0,0,0,0,0,0,0,0,0,0,0,0,0,0,0,0,0,0,0,0,0,0,0,0,0,0,0,0,0,0,0,0,0,0,0,0,0,0,0,0,0,0,0,0,0,0,0,0,0,0,0,0,0,0,0,0,0,0,0,0,0,0,0,0,0,0,0,0,0,0,0,0,0,0,0,0,0,0,0,0,0,0,0,0,0,0,0,0,0,0,0,0,0,0,0,0,0,0,0,0,0,0,0,0,0,0,0,0,0,0,0,0,0,0,0,0,0,0,0,0,0,0,0,0,0,0,0,0,0,0,0,0,0,0,0,0,0,0,0,0,0,0,0,0,0,0,0,0,0,0,0,0,0,0,0,0,0,0,0,0,0,0,0,0,0,0,0,0,0,0,0,0,0,0,0,0,0,0,0,0,0,0,0,0,0,0,0,0,0,0,0,0,0,0,0,0,0,0,0,0,0,0,0,0,0,0,0,0
10,0,0,0,0,0,0,0,0,0,0,0.8,0,0,0,0,0,0,0,0,0,0,0,0,0,0,0,0,0,0,0,0,0,0,0,0,0,0,0,0,0,0,0,0,0,0,0,0,0,0,0,0,0,0,0,0,0,0,0,0,0,0,0,0,0,0,0,0,0,0,0,0,0,0,0,0,0,0,0,0,0,0,0,0,0,0,0,0,0,0,0,0,0,0,0,0,0,0,0,0,0,0,0,0,0,0,0,0,0,0,0,0,0,0,0,0,0,0,0,0,0,0,0,0,0,0,0,0,0,0,0,0,0,0,0,0,0,0,0,0,0,0,0,0,0,0,0,0,0,0,0,0,0,0,0,0,0,0,0,0,0,0,0,0,0,0,0,0,0,0,0,0,0,0,0,0,0,0,0,0,0,0,0,0,0,0,0,0,0,0,0,0,0,0,0,0,0,0,0,0,0,0,0,0,0,0,0,0,0,0,0,0,0,0,0,0,0,0,0,0,0,0,0,0,0,0,0,0,0,0,0,0,0,0,0,0,0,0,0,0,0,0,0,0,0,0,0,0,0,0,0,0,0,0,0,0,0,0,0,0,0,0,0,0,0,0,0,0,0,0,0,0,0,0,0,0,0,0,0,0,0,0,0,0,0,0,0,0,0,0,0,0,0,0,0,0,0,0,0,0,0,0,0,0,0,0,0,0,0,0,0,0,0,0,0,0,0,0,0,0,0,0,0,0,0,0,0,0,0,0,0,0,0,0,0,0,0,0,0,0,0,0,0,0,0,0,0,0,0,0,0,0,0,0,0,0,0,0,0,0,0,0,0,0,0,0,0,0,0,0,0,0,0,0,0,0,0,0,0,0,0,0,0,0,0,0,0,0,0,0,0,0,0,0,0,0,0,0,0,0,0,0,0,0,0,0,0,0,0,0,0,0,0,0,0,0,0,0,0,0,0,0,0,0,0,0,0,0,0,0,0,0,0,0,0,0,0,0,0,0,0,0,0,0,0,0,0,0,0,0,0,0,0,0,0,0,0,0,0,0,0,0,0,0,0,0,0,0,0,0,0,0,0,0,0,0,0,0,0,0,0,0,0,0,0,0,0,0,0,0,0,0,0,0,0,0,0,0,0,0,0
11,0,0,0,0,0,0,0,0,0,0,0,0.842942707767113,0,0,-0.00391262666079882,0,0,0,0,-0.0221831832205771,-0.0671628616666313,-0.0212754791507325,0,-0.0421028705058162,0,0,0,0,0,-0.00952505588979961,0,0,0,-0.00114471846168925,0,0,0,0,0,0,0,0,0,0,0,0,0,0,0,0,0,0,0,0,0,0,0,0,0,0,0,0,0,0,-0.0253079577796883,0,0,-0.00520651649000348,0,0,0,0,0,0,0,0,0,0,0,0,0,0,0,-0.00283787520059837,0,0,0,0,0,0,0,0,0,0,-0.00298955378685405,0,0,0,0,0,0,0,0,0,0,0,0,0,0,0,0,0,0,0,0,0,0,0,0,0,0,0,0,0,0,0,0,0,0,0,0,0,0,0,0,0,0,0,0,0,0,0,0,0,0,0,0,0,0,0,0,0,0,0,0,0,0,0,0,0,0,0,0,0,0,0,0,0,0,0,0,0,0,0,0,0,0,0,0,0,0,-0.00713162413646688,0,0,0,0,0,0,0,0,0,0,0,0,0,0,0,0,0,0,0,0,0,0,0,0,0,0,0,0,0,0,0,0,0,0,0,0,0,0,0,0,0,0,0,0,0,0,0,0,0,0,0,0,0,0,0,0,0,0,0,0,0,0,0,0,0,0,0,0,0,0,0,0,0,0,0,0,0,0,0,0,0,0,0,0,0,0,0,0,0,0,0,0,0,0,0,0,0,0,0,0,0,0,0,0,0,0,0,0,0,0,0,0,0,0,0,0,0,0,0,0,0,0,0,0,0,0,0,0,0,0,0,0,0,0,0,0,0,0,0,-0.00727773174010095,0,0,0,0,0,0,0,0,-0.0432513005899734,0,-0.00266199623145007,0,0,0,0,0,0,0,0,0,0,0,0,0,0,0,0,0,0,0,0,0,0,0,0,0,0,0,0,0,0,0,0,0,0,0,0,0,0,0,0,0,0,-0.000234395980564426,0,0,0,0,0,0,0,0,0,0,0,-0.00841825519993708,0,0,0,0,0,0,0,0,0,0,0,0,0,0,0,0,0,0,0,0,0,0,-0.0316828687991633,0,0,0,0,0,0,0,0,0,0,0,0,0,0,0,0,0,0,0,0,0,0,0,0,0,0,0,0,0,0,0,0,0,0,0,0,0,0,0,0,0,0,0,0,0,0,0,0,0,0,0,0,0,0,0,0,0,0,0,-0.00735593361627877,0,0,0,0,0,0,0,0,0,0,0,0,0,0,0,0,0,0,0,0,0,0,0,-0.0211269042393884,0,0,0,0,0
12,0,0,0,0,0,0,0,0,0,-0.0170028814758271,0,0,0.820178747306999,0,0,0,0,0,0,0,0,-0.000581081500257109,0,0,0,0,0,0,0,-0.0430870832676322,0,0,0,0,-0.068396116121812,0,0,0,0,0,0,0,0,0,0,0,-0.0256886110687464,0,0,0,0,0,0,0,0,0,0,0,0,0,0,0,0,0,0,0,0,0,0,-0.0279717237030759,0,0,0,0,0,0,0,0,0,0,0,0,0,0,0,0,0,0,0,0,0,0,0,0,0,0,0,-0.00859155526504742,0,0,0,0,0,0,0,0,0,0,0,0,0,0,0,0,0,0,0,0,0,0,0,0,0,0,0,0,0,0,0,0,0,0,0,0,0,0,0,0,0,0,0,0,0,0,0,0,0,0,0,0,0,0,0,0,0,0,0,0,0,0,0,0,0,0,0,0,0,0,0,0,0,0,0,0,0,0,0,0,0,0,0,0,0,0,0,0,0,0,0,0,0,0,0,0,0,0,0,0,0,-0.0180041787189756,0,0,0,0,0,0,-0.0290772238533866,0,0,0,0,0,0,0,0,0,0,0,0,0,0,0,0,0,0,0,0,0,0,0,0,0,0,0,0,0,0,0,0,0,0,0,0,0,0,0,0,0,0,0,0,0,0,0,0,0,0,0,0,0,0,0,0,0,0,0,0,0,0,0,0,0,0,0,0,0,0,0,0,0,0,0,0,0,0,0,0,0,0,0,0,0,0,0,0,0,0,0,0,0,0,0,0,0,0,0,0,0,0,0,0,0,0,0,0,0,0,0,0,0,0,0,0,0,0,0,0,0,0,0,0,0,0,0,0,0,0,0,0,0,0,0,0,0,0,0,0,0,0,0,0,0,0,0,0,0,0,0,0,0,0,0,0,0,0,0,0,0,0,0,0,0,0,0,0,0,0,0,0,0,0,0,0,0,0,0,0,0,0,0,0,0,0,0,0,0,0,0,0,0,0,0,0,0,0,0,0,0,0,0,0,0,0,0,0,0,0,0,0,0,0,0,0,0,0,0,0,0,0,0,0,0,0,0,0,0,0,0,0,0,0,0,0,0,0,0,0,0,0,0,0,0,0,0,0,0,0,0,0,0,0,0,0,0,0,0,0,0,0,0,0,0,0,0,0,0,0,0,0,0,0,0,0,0,0,0,0,0,0,0,0,0,0,0,0,0,0,0,0,0
13,0,0,0,0,0,0,0,0,0,0,0,0,0,0.800196080927124,-0.000331842420778559,0,0,0,0,0,0,-0.0124568144533663,0,0,0,0,0,0,0,0,0,0,0,0,0,0,0,0,0,0,0,0,0,0,0,0,0,0,0,0,0,0,0,0,0,0,0,0,0,0,0,0,0,0,0,0,0,0,0,0,0,0,0,0,0,0,0,0,0,0,0,0,0,0,0,0,0,0,0,0,0,0,0,0,0,0,0,0,0,0,0,0,0,0,0,0,0,0,0,0,0,0,0,0,0,0,0,0,0,0,0,0,0,0,0,0,0,0,0,0,0,0,0,0,0,0,0,0,0,0,0,0,0,0,0,0,0,0,0,0,0,0,0,0,0,0,0,0,0,0,0,0,0,0,0,0,0,0,0,0,0,0,0,0,0,0,0,0,0,0,0,0,0,0,0,0,0,0,0,0,0,0,0,0,0,0,0,0,0,0,0,0,0,0,0,0,0,0,0,0,0,0,0,0,0,0,0,0,0,0,0,0,0,0,0,0,0,0,0,0,0,0,0,0,0,0,0,0,0,0,0,0,0,0,0,0,0,0,0,0,0,0,0,0,0,0,0,0,0,0,0,0,0,0,0,0,0,0,0,0,0,0,0,0,0,0,0,0,0,0,0,0,0,0,0,0,0,0,0,0,0,0,0,0,0,0,0,0,0,0,0,0,0,0,0,0,0,0,0,0,0,0,0,0,0,0,0,0,0,0,0,0,0,0,0,0,0,0,0,0,0,0,0,0,0,0,0,0,0,0,0,0,0,0,0,0,0,0,0,0,0,0,0,0,0,0,0,0,0,0,0,0,0,0,0,0,0,0,0,0,0,0,0,0,0,0,0,0,0,0,0,0,0,0,0,0,0,0,0,0,0,0,0,0,0,0,0,0,0,0,0,0,0,0,0,0,0,0,0,0,0,0,0,0,0,0,0,0,0,0,0,0,0,0,0,0,0,0,0,0,0,0,0,0,0,0,0,0,0,0,0,0,0,0,0,0,0,0,0,0,0,0,0,0,0,0,0,0,0,0,0,0,0,0,0,0,0,0,0,0,0,0,0,0,0,0,0,0,0,0,0,0,0,0,0,0,0,0,0,0,0,0,0,0,0,0,0,0,0,0
14,0,0,0,0,0,-0.005459925027433,-0.0597511209743985,0,-0.0443808598461773,-0.0187248506766208,0,-0.00391483735338388,0,-0.000331873548904459,0.937297005940381,-0.0200066996362483,0,0,-0.0252331527678084,-0.0718868127434492,-0.00101334478663152,-0.0413394661231189,0,0,0,0,0,-0.0185367211251632,0,-0.0885767121582214,0,0,0,0,-0.0448852670238499,0,0,-0.0590813234760573,0,0,0,0,0,0,0,0,-0.0402671790239218,0,0,0,-0.00991955810622931,0,0,-0.0178578649240615,-0.0461246453107827,0,0,0,0,0,0,0,0,0,-0.0282924406830275,0,0,0,-0.0404363795318853,0,0,0,0,0,0,0,0,0,0,0,0,0,0,0,0,0,0,0,0,0,0,0,0,0,0,0,0,-0.0018322783217342,0,0,-0.00133072507645497,0,0,0,-0.0189033283020556,0,0,0,0,0,0,0,0,0,0,0,0,0,0,0,0,0,0,0,0,0,0,0,0,0,0,0,0,0,0,0,0,0,0,0,0,0,0,0,0,0,0,0,0,0,0,0,0,0,0,0,0,0,0,0,0,0,0,0,0,0,0,0,0,0,0,0,0,0,0,0,0,0,0,0,0,0,0,0,0,0,0,0,0,0,-0.00681188020141078,0,0,0,0,0,0,0,0,0,0,0,0,0,0,0,0,0,0,0,0,0,0,0,0,0,0,0,0,0,0,0,0,0,0,0,0,0,0,0,0,0,0,0,0,0,0,0,0,0,0,0,0,0,0,0,0,0,0,0,0,0,0,0,0,0,0,0,0,0,0,0,0,0,0,0,0,0,0,0,0,0,0,0,0,0,0,0,0,0,0,0,0,0,0,0,0,0,0,0,0,0,0,0,0,0,0,0,0,0,0,0,0,0,0,0,0,0,0,0,0,0,0,0,0,0,0,0,0,0,0,0,0,0,0,0,0,0,0,0,-0.0502418522797365,0,0,0,0,0,0,0,0,0,0,0,0,0,0,0,0,0,0,0,0,0,0,0,0,0,0,0,0,0,0,0,0,0,0,0,0,0,0,0,0,0,0,0,0,0,0,0,0,0,0,0,0,0,0,0,0,-0.00196161720414442,0,0,0,0,0,0,0,0,0,0,0,0,0,0,0,0,0,0,0,0,0,0,0,0,0,0,0,0,0,0,0,0,0,0,0,0,0,0,0,0,0,0,0,0,0,0,0,0,0,0,0,0,0,0,0,0,0,0,0,0,0,0,0,0,0,0,-0.0120865381703968,0,0,0,0,0,0,0,0,0,0,0,0,0,0,0,0,0,0,0,0,0,0,0,0,0,0,0,0,0,0,0,0,0,0,0,0,0,0,0,0,0,0,0,0,0
15,0,0,0,0,0,0,0,0,0,0,0,0,0,0,-0.0200080946592045,0.902235034064229,0,0,-0.0803367210253394,0,-0.00124046323250125,-0.106750494638031,0,-0.00421476303943854,0,0,0,-0.0463490234094066,0,0,0,0,0,0,0,0,0,0,0,0,0,0,0,0,0,0,-0.0458200924860583,0,0,0,0,0,0,-0.035503261950388,0,0,0,0,0,0,0,0,0,0,0,-0.0549730026053999,0,0,0,0,0,0,0,0,0,0,0,0,0,0,-0.0232731492438377,0,0,0,0,0,-0.00601309465240313,0,0,0,0,0,0,0,0,0,0,0,0,0,-0.0366561881524528,0,0,0,0,0,0,0,0,0,0,0,0,0,0,0,0,0,0,0,0,0,0,0,0,0,0,0,0,0,0,0,0,0,0,0,0,0,0,0,0,0,0,0,0,0,0,0,0,0,0,0,0,0,0,0,0,0,0,0,0,0,0,0,0,0,0,0,0,0,0,0,0,0,0,0,0,0,0,0,0,-0.0882921217800148,0,0,-0.0246860396975952,0,0,0,0,0,0,0,0,0,0,0,0,0,0,0,0,0,0,0,0,0,0,0,0,0,0,0,0,0,0,0,0,0,0,0,0,0,0,0,0,0,0,0,0,0,0,0,0,0,0,0,0,0,0,0,0,0,0,0,0,0,0,0,0,0,0,0,0,0,0,0,0,0,0,0,0,0,0,0,0,0,0,0,0,0,0,0,0,0,0,0,0,0,0,0,0,0,0,0,0,0,0,0,0,0,0,0,0,0,0,0,0,0,0,0,0,0,0,0,0,0,0,0,0,0,0,0,0,0,0,0,0,0,0,0,0,0,0,0,0,0,0,0,0,0,-0.0112115231023211,0,0,0,0,0,0,0,0,0,0,0,0,0,0,0,0,0,0,0,0,0,0,0,0,0,0,0,0,0,0,0,0,0,0,0,0,0,0,0,0,0,0,0,0,0,0,0,0,0,0,0,0,0,0,0,0,0,0,0,0,0,0,0,0,0,0,0,0,0,0,0,0,0,0,0,0,0,0,0,0,0,0,0,0,0,0,0,0,0,0,0,0,0,0,0,0,0,0,0,0,0,0,0,0,0,0,0,0,0,0,0,0,0,0,0,0,0,0,0,0,0,0,0,0,0,0,0,0,0,0,0,0,0,0,0,0,0,0,0,0,0,0,0,0,0,0,0,0,0,0,0,0,0,0,0,0,0,0,0,0,0,0,0,0,0,0,0,0,0
16,0,0,0,0,0,0,0,0,0,0,0,0,0,0,0,0,0.800046683974162,0,0,0,0,0,0,0,0,0,0,0,0,0,0,0,0,0,0,0,0,0,0,0,0,0,0,0,0,0,0,0,0,0,0,0,0,0,0,0,0,0,0,0,0,0,0,0,0,0,0,0,0,0,0,0,0,0,0,0,0,0,0,0,0,0,0,0,0,0,0,0,0,0,0,0,0,0,0,0,0,0,0,0,0,0,0,0,0,0,0,0,0,0,0,0,0,0,0,0,0,0,0,0,0,0,0,0,0,0,0,0,0,0,0,0,0,0,0,0,0,0,0,0,0,0,0,0,0,0,0,0,0,0,0,0,0,0,0,0,0,0,0,0,0,0,0,0,0,0,0,0,0,0,0,0,0,0,0,0,0,0,0,0,0,0,0,0,0,0,0,0,0,0,0,0,0,0,0,0,0,0,0,0,0,0,0,0,0,0,0,0,0,0,0,0,0,0,0,0,0,0,0,0,0,0,0,0,0,0,-0.00611141684619403,0,0,0,0,0,0,0,0,0,0,0,0,0,0,0,0,0,0,0,0,0,0,0,0,0,0,0,0,0,0,0,0,0,0,0,0,0,0,0,0,0,0,0,0,0,0,0,0,0,0,0,0,0,0,0,0,0,0,0,0,0,0,0,0,0,0,0,0,0,0,0,0,0,0,0,0,0,0,0,0,0,0,0,0,0,0,0,0,0,0,0,0,0,0,0,0,0,0,0,0,0,0,0,0,0,0,0,0,0,0,0,0,0,0,0,0,0,0,0,0,0,0,0,0,0,0,0,0,0,0,0,0,0,0,0,0,0,0,0,0,0,0,0,0,0,0,0,0,0,0,0,0,0,0,0,0,0,0,0,0,0,0,0,0,0,0,0,0,0,0,0,0,0,0,0,0,0,0,0,0,0,0,0,0,0,0,0,0,0,0,0,0,0,0,0,0,0,0,0,0,0,0,0,0,0,0,0,0,0,0,0,0,0,0,0,0,0,0,0,0,0,0,0,0,0,0,0,0,0,0,0,0,0,0,0,0,0,0,0,0,0,0,0,0,0,0,0,0,0,0,0,0,0,0,0,0,0,0,0,0,0,0,0,0,0,0,0,0,0,0,0,0,0
17,0,0,0,0,0,0,0,0,0,0,0,0,0,0,0,0,0,0.925560732607346,0,0,0,0,0,0,0,0,0,0,0,0,0,0,0,0,0,0,0,0,-0.00095405941003897,0,0,0,0,0,0,0,0,0,0,0,0,0,0,0,0,0,0,0,0,0,0,0,0,0,0,0,0,0,0,0,0,0,0,0,0,0,0,0,0,0,0,0,0,0,0,0,0,0,0,0,0,0,0,0,0,0,0,0,0,0,0,0,0,0,0,0,0,0,0,0,0,0,0,0,0,0,-0.0499234304859004,0,0,0,0,0,0,0,0,0,0,0,0,0,0,0,0,0,0,0,0,0,0,0,0,0,0,0,0,0,0,0,0,0,0,0,0,0,0,0,0,0,0,0,0,0,0,0,0,0,0,0,0,0,0,0,0,0,0,0,0,0,0,0,0,0,0,0,0,0,0,0,0,0,0,0,0,0,0,0,0,0,0,0,0,0,0,0,0,0,0,0,0,0,0,0,0,0,0,0,0,0,0,0,0,0,0,0,0,0,0,0,0,0,0,0,0,0,0,0,0,0,0,0,0,0,0,0,0,0,0,0,0,0,0,0,0,0,0,0,0,0,0,0,0,0,0,0,0,0,0,0,0,0,0,0,0,0,0,0,0,0,0,0,0,0,0,0,0,0,0,0,0,0,0,0,0,0,0,0,0,0,0,0,0,0,0,0,0,0,0,0,0,0,0,0,0,0,0,0,0,0,0,0,0,0,0,0,0,0,0,0,0,0,0,0,0,0,0,0,0,0,0,0,0,0,0,0,0,0,0,0,0,0,0,0,0,0,0,0,0,0,-0.0173954955135745,0,0,0,0,0,0,0,0,0,0,0,0,0,0,0,0,0,0,0,0,0,0,0,0,0,0,0,0,-0.0208118305870763,0,0,0,0,0,0,0,0,0,0,0,0,0,0,0,0,0,0,0,0,0,-0.113236902197046,0,0,0,0,0,0,0,0,0,-0.153993222093002,0,0,0,0,0,0,0,0,0,0,0,0,0,0,0,0,0,0,0,0,0,0,0,0,0,0,0,0,0,0,0,0,0,0,0,0,0,0,0,0,0,0,0,0,0,0,0,0,-0.0231712960350788,0,0,0,0,0,0,0,0,0,0,0,0,0,0,0,0,-0.192304220512618,0,0,0,0,0,0,0,0,0,0,0,0,0,0
18,0,0,0,0,0,0,-0.00483509938176461,-0.036294413835144,0,0,0,0,0,0,-0.0252325257125982,-0.0803375221798516,0,0,0.954584196070121,-0.0332888172295913,-0.017320441606803,-0.0692155503880354,0,-0.0270858446218204,0,0,0,-0.0226052627644278,0,-0.0664427587905911,0,0,0,0,-0.0102450024403292,0,0,-0.0194620705277593,0,0,0,0,0,0,-0.028574245533924,0,-0.0168546773775837,0,0,0,0,-0.0132350892645422,0,0,-0.0509122716918119,0,0,0,0,0,0,0,0,0,0,-0.0119113300102685,0,0,0,0,0,0,0,0,-0.0173003622162901,0,0,0,0,0,0,0,0,0,0,0,-0.0138189995213998,-0.0370668997720244,0,-0.00795660028858725,0,0,0,-0.0222107046573107,0,0,0,0,0,0,0,0,-0.00251120987367988,0,0,0,0,0,0,0,0,0,0,0,0,0,0,0,0,0,0,0,0,0,0,0,0,0,0,0,0,0,0,0,0,0,0,0,0,0,0,0,0,0,0,0,0,0,0,0,0,0,0,0,0,0,0,0,0,0,0,0,0,0,0,0,0,0,0,0,0,0,0,0,0,0,0,0,0,0,0,0,0,0,0,0,0,0,0,0,0,0,0,0,0,0,0,0,0,-0.00566323325165997,0,0,0,0,0,0,0,0,0,0,0,0,0,0,0,0,0,0,0,0,0,0,0,0,0,0,0,0,0,0,0,0,0,0,0,0,0,0,0,0,0,0,0,0,0,0,0,0,0,0,0,0,0,0,0,0,0,0,0,0,0,0,0,0,0,0,0,0,0,0,0,0,0,0,0,0,0,0,0,0,0,0,0,0,0,0,0,0,0,0,0,0,0,0,0,0,0,0,0,0,0,0,0,0,0,0,0,0,0,0,0,0,0,0,0,0,0,0,0,0,0,0,0,0,0,0,0,0,0,0,-0.0686107309825097,0,0,0,0,0,0,0,0,0,0,0,0,0,0,0,0,0,0,0,0,0,0,0,0,0,0,0,0,0,0,0,0,0,0,0,0,0,0,0,0,0,0,0,0,0,0,0,0,0,0,0,0,0,0,0,0,-0.0215616574493514,0,0,0,0,0,0,0,0,0,0,0,0,0,0,0,0,0,-0.037307844852438,0,0,0,0,0,0,0,0,0,0,0,0,0,0,0,0,0,0,0,0,0,0,0,0,0,0,0,0,0,0,0,0,0,0,0,0,0,0,0,0,0,0,0,0,0,0,0,0,0,0,0,0,0,0,0,0,0,0,0,0,0,0,0,0,0,0,0,0,0,0,0,0,0,0,0,0,0,0,0,0,0,0,0,0,0,0,0,0,0,0,0,0,0,0
19,0,0,-0.0274673649258477,0,0,-0.00478574978973134,-0.0247697588462607,0,0,-0.00476954780771454,0,-0.0221812195684645,0,0,-0.0718810789661646,0,0,0,-0.0332842054953221,1.01143700110984,-0.071659763560661,-0.0439082754397536,-0.0299133503741303,-0.0524696117988754,0,-0.0103236348350803,0,0,0,-0.027355549371447,0,0,0,0,-0.0403616111840252,0,0,-0.00822910257580923,0,0,0,0,0,0,-0.0125011951487245,-0.0115367031643425,0,0,-0.00791328780062864,0,0,0,0,-0.00523062167487056,-0.0146634286237883,0,0,0,-0.0101689788015538,0,0,0,0,-0.0274532405971649,0,0,0,0,-0.00404301466757764,0,0,0,0,-0.0159148712075049,0,-0.0292093655497611,0,0,0,0,-0.0416265752471808,0,0,0,0,0,0,0,0,0,0,0,0,0,0,0,-0.0204276924730634,-0.0641550888581064,0,0,-0.0230053239944683,0,-0.103189331089811,-0.00623799323174823,-0.023597903264268,0,0,-0.008558197499069,0,0,0,0,0,0,0,0,0,-0.0071036843010845,0,0,0,0,0,0,0,0,0,0,0,0,0,0,0,0,0,0,0,0,0,0,0,0,0,0,0,0,0,0,0,0,0,0,0,0,0,0,-0.0126281658959164,0,0,0,0,0,0,0,0,0,0,0,0,0,0,0,0,0,0,0,0,0,0,0,0,0,0,0,0,0,0,0,0,0,-0.0308571268398154,0,0,0,0,0,0,0,0,-0.00143818463632893,0,0,0,0,0,0,0,-0.00494422897987893,0,0,0,0,0,0,0,0,0,0,0,0,0,0,0,0,0,0,-0.0500990135502735,0,0,0,0,0,0,0,0,0,0,0,0,0,0,0,0,0,0,0,0,0,0,0,0,0,0,0,0,0,0,0,0,0,0,0,0,0,0,0,0,0,0,0,0,0,0,0,0,0,0,0,0,0,0,0,-0.0215104994536977,0,0,0,0,0,0,0,0,0,0,0,0,0,0,0,0,0,0,0,0,0,0,0,0,0,0,0,0,0,0,0,0,0,0,0,0,0,-0.00147708422680848,0,0,0,0,0,0,0,0,0,-0.01206504842903,0,0,0,0,0,0,0,0,0,0,0,-0.0204219877109979,0,0,0,0,0,0,0,0,0,0,0,0,0,0,0,0,0,0,0,0,0,0,0,0,0,0,0,0,0,0,0,0,-0.022570594462691,0,0,0,0,-0.006087180458932,0,0,0,0,0,0,0,0,-0.0178659226100381,0,0,0,0,0,0,0,0,0,0,0,0,0,-0.00219139838553398,0,0,0,0,0,0,0,0,0,0,0,0,0,0,0,0,0,0,0,0,0,0,0,0,0,0,0,0,-0.00603044374761089,0,0,0,0,0,0,0,0,0,0,0,0,0,0,0,0,0,0,0,0,0,0,0,0,-0.00517566569419539,0,0,0,0,0,0,0,0,0,0,0,0,-0.0169299560855816,0,0,0,0,0,0,0,0,0,0,0,0,0,0,0,0,0,0,0,0,0,0,0,-0.0135433195677752,0,0,0,0,0
20,0,0,0,0,0,0,0,-0.00277576835760721,0,0,0,-0.0671652141552731,0,0,-0.00100958379040384,-0.00123797443218115,0,0,-0.0173214325125557,-0.0716741037268079,1.18221927941531,0,0,-0.0635224745243769,0,0,0,-0.036790049485895,0,-0.0651344115130385,0,-0.0413646831926267,0,-0.0231243220941384,0,0,0,0,0,-0.0081298129297656,0,0,0,0,-0.00835370977235956,0,-0.0382723198180906,0,0,0,-0.00902388811684413,0,0,0,-0.0218398064691481,0,0,0,0,0,0,0,0,0,0,0,-0.0446056595443921,-0.032987402201035,0,0,0,0,0,0,-0.0406659701015225,0,0,0,-0.0585310553458693,0,0,-0.0148958938355452,0,-0.134007955693445,0,0,-0.0334696074245377,-0.0468156430665112,0,-0.0317636108371398,0,0,0,-0.0999922944254179,-0.0420219641937091,0,-0.0216265047270572,0,0,0,0,0,0,0,0,0,-0.019274635345856,0,0,0,0,0,0,0,-0.00926325268049576,0,-0.000503071068064841,0,0,-0.00241157740839441,-0.00169895123253638,0,0,0,0,0,0,0,0,0,0,0,0,0,-0.0292269908261074,0,0,0,0,0,0,0,0,0,0,0,0,0,0,0,0,0,0,0,0,0,0,0,0,0,0,0,0,0,0,0,0,0,0,0,0,0,0,0,0,0,0,0,0,0,0,-0.026877387082482,0,0,0,0,0,0,0,0,0,0,0,0,0,0,0,0,0,-0.0303169352298441,0,-0.0166676767987322,0,0,0,0,0,-0.0079634477005119,0,0,0,0,0,0,0,0,0,0,0,0,0,0,0,0,0,0,0,0,0,0,0,0,0,0,0,0,0,0,0,0,0,0,0,0,0,0,0,0,0,0,0,0,0,0,0,0,0,0,0,0,0,0,0,0,0,0,0,0,0,0,0,0,0,0,0,0,0,-0.0477162957316405,0,0,0,0,0,0,0,0,0,0,0,0,0,0,0,0,0,0,0,0,0,0,0,0,0,0,0,0,0,0,0,0,0,0,0,0,0,0,0,0,0,0,0,0,0,0,0,0,0,0,0,0,0,0,0,0,0,0,0,0,0,0,0,0,0,0,0,0,0,0,0,0,0,0,0,0,0,0,0,0,0,0,-0.00520545622597411,0,0,0,-0.00542649098016056,0,0,0,0,0,0,0,0,0,0,-0.000490916613031195,0,0,0,0,0,0,0,0,0,0,0,0,0,0,0,0,-0.0376709765549763,0,0,-0.0138713610155581,0,0,0,0,0,0,0,0,0,-0.0369380653245453,0,0,0,0,0,0,0,0,0,0,0,0,0,0,0,0,0,0,-0.0102561682013161,0,0,0,0,0,0,0,0,0,0,0,0,0,0,0,0,-0.0186800265822898,0,0,0,0,0,0,0,0,0,-0.013902405181481,0,0,0,0,-0.0132401182465571,-0.0132868663374896,0,0,0,0,0,0,0,0,0,0,0,0,0,0,0,-0.0190956130600962,0,0,0,0,0,0,0,0,0,0,0,0,0,0,0,0,0,0,0,0,0,0,0,0,0,0
21,0,0,0,0,0,-0.00969623410246111,-0.0856093334465413,0,0,-0.117901788209526,0,-0.0212804618853671,-0.00058365316419318,-0.0124568404555491,-0.0413417503905659,-0.106751841170847,0,0,-0.0692185961080163,-0.0439235675987359,0,1.03937545105733,0,-0.0344442737745783,0,-0.0384052003753971,-0.0341539163827739,-0.0476797929241883,0,-0.111724308837538,0,0,-0.0605806174201701,0,-0.0568174559330937,0,0,0,-0.0166985195314566,0,0,0,0,0,0,0,0,0,0,0,-0.012686464589392,0,0,-0.0761747662643159,0,0,0,0,0,0,-0.00529790345064844,0,0,-0.0136155351685291,0,-0.0782379863674447,0,0,0,0,0,0,0,0,-0.014464722867146,0,0,0,0,0,0,-0.0176617202117619,0,0,0,0,-0.0201130344058388,0,0,0,0,0,0,0,0,0,0,-0.0380238671510829,0,0,0,0,0,0,0,0,0,0,0,0,0,0,0,0,0,0,0,0,0,0,0,0,0,0,0,0,0,0,0,0,0,0,0,0,0,0,0,0,0,0,0,0,0,0,0,0,0,0,0,0,0,0,0,0,0,0,0,0,0,0,0,0,0,0,0,0,0,0,0,0,0,0,0,0,0,0,0,0,0,0,0,0,0,0,-0.0016861982841273,0,0,0,0,0,0,0,0,0,0,0,0,0,0,-0.015308440541133,0,0,0,0,0,0,0,0,0,0,0,0,0,0,0,0,0,0,-0.00979064557356989,0,0,0,0,0,0,0,0,0,0,0,0,0,0,0,0,0,0,0,0,0,0,0,0,0,0,0,0,0,0,0,0,0,0,0,0,0,0,0,0,0,0,0,0,0,0,0,0,0,0,0,0,0,0,0,0,0,0,0,0,0,0,0,0,0,0,0,0,0,0,0,0,0,0,0,0,0,0,0,0,0,0,0,0,0,0,0,0,0,0,0,0,0,0,0,0,0,0,0,0,0,0,0,0,0,0,0,0,0,0,0,-0.00873873668562959,0,0,0,0,0,0,0,0,0,0,0,0,0,0,0,0,0,0,0,0,0,0,0,0,0,0,0,0,0,0,0,0,0,0,0,0,0,0,0,0,0,0,0,0,0,0,0,0,0,0,0,0,0,0,0,0,-0.00625761957383676,0,0,0,0,0,0,0,0,0,0,0,0,0,0,0,0,0,0,0,0,0,0,0,0,0,0,0,0,0,0,0,0,0,0,0,0,0,0,0,0,0,0,0,0,0,0,0,0,0,0,0,0,0,0,0,0,0,0,0,0,0,0,0,0,0,0,0,0,0,0,0,0,0,0,0,0,0,0,0,0,0,0,0,0,0,0,0,0,0,0,0,0,0,0,0,0,0,0,0,0,0,0,0,0,0,0,0,0,0,0,0,0
22,0,0,0,0,0,0,0,0,0,0,0,0,0,0,0,0,0,0,0,-0.0299141772859744,0,0,0.832257086248219,0,0,0,0,0,0,0,0,0,0,0,0,0,0,0,0,0,0,0,0,0,0,-0.0878319024347696,0,0,0,0,0,0,0,0,0,0,0,0,0,0,0,0,0,0,0,0,0,0,0,0,0,0,0,0,0,0,0,0,0,0,0,0,0,0,0,0,0,0,0,0,0,0,0,0,0,0,0,-0.0166904223971102,0,0,0,0,-0.0432509739155896,0,0,0,0,0,0,0,0,0,0,0,0,0,0,0,0,0,0,0,0,0,0,0,0,0,0,0,0,0,0,0,0,0,0,0,0,0,0,0,0,0,0,0,0,0,0,0,0,0,0,0,0,0,0,0,0,0,0,0,0,0,0,0,0,0,0,0,0,0,0,0,0,0,0,0,0,0,0,0,0,0,0,0,0,0,0,0,0,0,0,0,0,0,0,0,0,-0.00954745916885765,0,0,0,0,0,0,0,0,0,0,0,0,0,0,0,0,0,0,0,0,0,0,0,0,0,0,0,0,0,0,0,0,0,0,0,0,0,0,0,0,0,0,0,0,0,0,0,0,0,0,0,0,0,0,0,0,0,0,0,0,0,0,0,0,0,0,0,0,0,0,0,0,0,0,0,0,0,0,0,0,0,-5.35484791311011e-05,0,0,0,0,0,0,0,0,0,0,0,0,0,0,0,0,0,0,0,0,0,0,0,0,0,0,0,0,0,0,-0.0238723312526052,0,0,-0.00364722762625672,0,0,0,0,0,0,0,0,0,0,0,0,0,0,0,0,0,0,0,0,0,0,0,0,0,0,0,0,0,0,0,0,0,0,0,0,0,0,0,0,0,0,0,0,0,0,0,0,0,0,0,0,0,0,0,-0.0201910915736581,0,-0.00592898030917997,0,0,0,0,0,0,0,0,0,0,0,0,0,0,0,0,0,0,0,0,0,0,0,0,0,0,-0.0082319628070452,0,0,0,0,0,0,0,0,0,0,0,0,0,0,0,0,0,0,0,0,0,0,0,0,0,0,0,0,0,0,0,0,0,0,0,0,0,0,0,0,0,0,0,0,0,-0.0233641350181648,0,0,0,0,0,0,0,0,0,0,0,0,0,0,0,0,0,0,-0.00869727435853555,0,0,0,0,0,0,0,0,0,0,0,0,0,0,0,0,0,0,0,0,0,0,0,0,0,0,0,0,0,0,0,0,0,0
23,0,0,0,0,0,0,0,-0.148442793607977,-0.0416553085546004,0,0,-0.0421069857072141,0,0,0,-0.00421361538423038,0,0,-0.0270851288878666,-0.0524885810358607,-0.0635241156543845,-0.0344428526113956,0,1.20789290043517,0,0,0,-0.0194865803317604,0,-0.0966316020276375,0,0,0,-0.0444354187331427,0,0,0,-0.00654574014661848,0,0,0,0,0,0,0,0,-0.0983948969274793,0,0,0,-0.0424122587540515,0,0,-0.0457516292801349,-0.078963973346718,0,0,0,0,0,-0.00822377139889955,0,0,-0.00111859781251833,-0.0337988905032641,0,-0.0844138982832556,0,0,0,0,0,0,0,-0.0194559314927336,0,0,0,-0.0686323475835581,0,0,0,0,0,0,0,-0.0338346182818413,-0.0285623437707471,-0.00105739096821168,-0.00702427684444103,0,0,-0.0076872261948999,0,-0.0140528053790209,0,-0.00152974891486002,0,0,0,-0.0436641797339961,0,0,0,0,0,-0.0180296934769769,-0.0269103866051395,0,0,0,0,0,0,-0.0408594728688418,0,-0.0103771251753376,-0.00375370626959305,-0.0140936676294829,0,0,0,0,0,0,0,0,0,0,0,0,0,0,0,-0.000333493206335557,0,0,0,0,0,-0.01624218099458,0,0,0,0,0,0,0,0,0,0,0,0,0,0,0,0,0,0,0,0,0,0,0,0,0,0,0,0,0,0,0,0,0,0,0,0,0,0,0,0,0,0,0,0,0,0,0,0,0,0,0,0,0,0,0,0,0,0,0,0,0,0,0,0,0,0,0,0,0,0,0,0,0,0,0,0,0,0,0,0,0,0,0,0,0,0,0,0,0,0,0,0,0,0,0,0,0,0,0,0,0,0,0,0,0,0,0,0,0,0,0,0,0,0,0,0,0,0,0,0,0,0,0,0,0,0,0,0,0,0,0,0,0,0,0,0,0,0,0,0,0,0,0,0,0,0,0,0,0,0,0,0,0,0,0,0,0,0,0,0,0,0,0,0,0,0,0,0,0,0,0,0,0,0,0,0,0,0,0,0,0,0,0,0,0,0,0,0,0,-0.0247204610204885,0,0,0,0,0,0,0,0,0,0,0,0,0,0,0,0,0,0,0,0,0,0,0,0,0,0,0,0,0,-0.0187910704540947,0,0,0,-0.00990513592200071,0,0,0,0,0,0,0,0,0,0,0,0,0,0,-0.00832394880464728,0,0,0,0,0,0,0,-0.000576448110242189,0,0,0,0,0,0,0,0,0,0,0,0,0,-0.00144932791165654,0,-0.00269076123471166,0,0,0,0,0,0,0,0,0,0,0,0,0,0,0,0,0,0,0,0,0,0,0,0,0,0,0,0,0,0,0,0,0,0,0,0,0,-0.0180805901924664,0,0,0,0,0,0,0,0,0,0,0,0,0,0,-0.0234510428657499,0,0,0,0,0,0,0,0,0,0,0,0,0,0,0,-0.003654637345124,0,0,0,0,0,0,0,0,0,0,0,0,0,0,0,0,0,0,0,0,0,0,0,0,0,0,0
24,0,0,0,0,0,0,0,0,0,0,0,0,0,0,0,0,0,0,0,0,0,0,0,0,1.24580280953183,0,0,0,0,0,0,0,0,0,0,0,-0.082708765093093,0,0,0,-0.047060564433354,0,0,0,0,0,0,0,0,0,0,0,0,0,0,0,0,0,0,0,0,0,0,0,0,0,0,0,0,0,0,0,0,0,0,0,0,0,0,0,0,0,0,0,0,0,0,0,0,0,0,0,0,0,0,0,0,0,0,0,0,0,0,0,0,0,0,0,0,0,0,0,0,0,0,0,0,0,0,0,0,0,0,0,0,0,0,0,0,0,0,0,0,0,0,0,0,0,0,0,0,0,0,0,0,0,0,0,0,0,0,0,0,0,0,0,0,0,0,0,0,0,0,0,0,0,0,0,0,0,0,0,0,0,0,0,0,0,0,0,0,0,0,0,0,0,0,0,0,0,0,0,0,0,0,0,0,-0.00675333062973297,0,0,0,0,0,0,0,0,0,0,0,0,0,0,0,0,0,0,0,0,0,0,0,0,0,0,0,0,0,0,0,0,0,0,0,0,0,0,0,0,0,0,0,0,0,0,0,0,0,0,0,0,0,-0.029371318153533,0,0,0,0,0,0,0,0,0,0,0,0,0,-0.0666726997703124,0,0,0,0,0,0,0,0,0,0,0,0,0,-0.0327280982302096,0,0,0,0,0,0,0,0,0,0,0,0,0,0,0,0,0,0,-0.0498100934177771,0,0,0,0,0,0,0,0,0,0,0,0,0,0,0,0,0,0,0,0,0,0,0,0,0,0,0,0,0,0,0,0,0,0,-0.0369463714488995,0,0,0,0,0,0,0,-0.150369888948127,0,-0.0167416834708942,0,0,0,0,0,-0.0399771478087397,0,0,0,0,-0.00701975545403242,0,0,0,0,0,0,0,0,-0.0766007807145062,0,-0.0315111898357745,0,0,0,0,-0.108483774432716,0,0,0,0,0,0,-0.0126052333039571,-0.0560662236212667,0,0,-0.0256619139553977,0,0,0,-0.0359945509479732,0,0,0,0,0,0,0,0,0,0,0,0,0,0,0,0,0,0,0,0,0,0,0,0,0,0,0,-0.0463765040539362,0,-0.0380515670200747,0,0,-0.00685059062936192,0,0,0,0,0,0,0,0,0,0,0,-0.0218343796027059,0,0,0,0,0,0,0,0,0,-0.00207865779956828,0,0,0,0,0,0,0,0,0,0,0,-0.0443130855868261,0,0,0,0,0,-0.0113987283543293,0,-0.0132291459252343,0,0,0,-0.001820886618348,0,0,0,0,0,0,0,0,0,0,0,0,0,0,-0.00854880679272049,0,0,0,0,0,0,0,-0.0828915948322237,0,-0.00947743893536348,0,0,0,0,0,-0.0147614711382772,0,0,-0.0975399285468582,0
25,0,0,0,0,0,0,0,0,0,0,0,0,0,0,0,0,0,0,0,-0.0103260437482033,0,-0.0384054588839233,0,0,0,0.827297453665209,0,-0.011918141354115,0,0,0,0,0,0,-0.128782209791444,0,0,0,0,0,0,0,0,0,0,0,0,0,0,0,0,0,0,0,0,0,0,0,0,0,0,0,0,0,0,0,0,0,-0.00982392822042804,0,0,0,0,0,0,0,0,0,0,0,0,0,0,0,0,0,0,0,0,0,0,0,0,0,0,0,0,0,0,0,0,0,0,0,0,0,0,0,0,0,0,0,0,0,0,0,0,0,0,0,0,0,0,0,0,0,0,0,0,0,0,0,0,0,0,0,0,0,0,0,0,0,0,0,0,0,0,0,0,0,0,0,0,0,0,0,0,0,0,0,0,0,0,0,0,0,0,0,0,0,0,0,0,0,0,0,0,0,0,0,0,0,0,0,0,0,0,0,0,0,0,0,0,0,0,0,0,0,0,-0.00777397344542325,0,0,0,0,0,0,0,0,0,0,0,0,0,0,0,0,0,0,0,0,0,0,0,0,0,0,0,0,0,0,0,0,0,0,0,0,0,0,0,0,0,0,0,0,0,0,0,0,0,0,0,0,0,0,0,0,0,0,0,0,0,0,0,0,0,0,0,0,0,0,0,0,0,0,0,0,0,0,0,0,0,0,0,0,0,0,0,0,0,0,0,0,0,0,0,0,0,0,0,0,0,0,0,0,0,0,0,0,0,0,0,0,0,0,0,0,0,0,0,0,0,0,0,0,0,0,0,0,0,0,0,0,0,0,0,0,0,0,0,0,0,0,0,0,0,0,0,0,0,0,0,0,0,0,0,0,0,0,0,0,0,0,0,0,0,0,0,0,0,0,0,0,0,0,0,0,0,0,0,0,0,0,0,0,0,0,0,0,0,0,0,0,0,0,0,0,0,0,0,0,0,0,0,0,0,0,0,0,0,0,0,0,0,0,0,0,0,0,0,0,0,0,0,0,0,0,0,0,0,0,0,0,0,0,0,0,0,0,0,0,0,0,0,0,0,0,0,0,0,0,0,0,0,0,0,0,0,0,0,0,0,0,0,0,0,0,0,0,0,0,0,0,0,0,0,0,0,0,0,0,0,0,0,0,0,0,0,0,0,0,0,0,0,0,0,0,0,0,0,0
26,0,0,0,0,0,0,0,0,0,0,0,0,0,0,0,0,0,0,0,0,0,-0.0341538443528345,0,0,0,0,0.801466147524882,0,0,0,0,0,0,0,0,0,0,0,0,0,0,0,0,0,0,0,0,0,0,0,0,0,0,0,0,0,0,0,0,0,0,0,0,0,0,0,0,0,0,0,0,0,0,0,0,0,0,0,0,0,0,0,0,0,0,0,0,0,0,0,0,0,0,0,0,0,0,0,0,0,0,0,0,0,0,0,0,0,0,0,0,0,0,0,0,0,0,0,0,0,0,0,0,0,0,0,0,0,0,0,0,0,0,0,0,0,0,0,0,0,0,0,0,0,0,0,0,0,0,0,0,0,0,0,0,0,0,0,0,0,0,0,0,0,0,0,0,0,0,0,0,0,0,0,0,0,0,0,0,0,0,0,0,0,0,0,0,0,0,0,0,0,0,0,0,0,0,0,0,0,0,0,0,0,0,0,0,0,0,0,0,0,0,0,0,0,0,0,-0.000736848968161699,0,0,0,0,0,0,0,0,0,0,0,0,0,0,0,0,0,0,0,0,0,0,0,0,0,0,0,0,0,0,0,0,0,0,0,0,0,0,0,0,0,0,0,0,0,0,0,0,0,0,0,0,0,0,0,0,0,0,0,0,0,0,0,0,0,0,0,0,0,0,0,0,0,0,0,0,0,0,0,0,0,0,0,0,0,0,0,0,0,0,0,0,0,0,0,0,0,0,0,0,0,0,0,0,0,0,0,0,0,0,0,0,0,0,0,0,0,0,0,0,0,0,0,0,0,0,0,0,0,0,0,0,0,0,0,0,0,0,0,0,0,0,0,0,0,0,0,0,0,0,0,0,0,0,0,0,0,0,0,0,0,0,0,0,0,0,0,0,0,0,0,0,0,0,0,0,0,0,0,0,0,0,0,0,0,0,0,0,0,0,0,0,0,0,0,0,0,0,0,0,0,0,0,0,0,0,0,0,0,0,0,0,0,0,0,0,0,0,0,0,0,0,0,0,0,0,0,0,0,0,0,0,0,0,0,0,0,0,0,0,0,0,0,0,0,0,0,0,0,0,0,0,0,0,0,0,0,0,0,0,0,0,0,0,0,0,0,0,0,0,0,0,0,0,0,0,0,0,0,0,0
27,0,0,0,0,0,0,0,0,0,0,0,0,0,0,-0.0185326234351356,-0.0463473843228542,0,0,-0.0226040915914649,0,-0.0367903984194901,-0.0476782452746262,0,-0.0194847501995644,0,-0.0119179299033241,0,0.912930918973504,0,-0.0145805622034711,0,0,0,0,0,0,0,0,0,0,0,0,0,0,0,0,0,0,0,0,0,-0.00349535051802299,0,0,0,0,0,0,0,0,0,0,0,0,0,-0.000832444088083992,0,-0.0132356512259866,0,0,0,0,0,0,-0.00658048148632648,-0.0259718638782712,0,0,0,0,0,0,0,-0.0081678607384917,0,0,0,-0.0155791216931665,0,0,0,0,0,-0.0145126357861351,-0.0189816595369321,0,0,0,0,0,-0.0256660869177851,0,-0.00615272487846828,0,0,0,0,0,0,0,0,0,0,0,0,0,0,0,0,0,0,0,0,0,0,0,0,0,0,0,0,0,0,0,0,0,0,0,0,0,0,0,0,0,0,0,0,0,0,0,0,0,0,0,0,0,0,0,0,0,0,0,0,0,0,0,0,0,0,0,0,0,0,0,0,0,0,0,0,0,0,0,0,0,0,0,0,0,0,0,0,0,-0.00535928970836009,0,-0.00122754592382123,0,0,0,0,-0.0702454534387642,0,0,0,0,0,0,0,0,0,0,0,0,0,0,0,0,0,0,0,0,0,0,0,0,0,0,0,0,0,0,0,0,0,0,0,0,0,0,0,0,0,0,0,0,0,0,0,0,0,0,0,0,0,0,0,0,0,0,0,0,0,0,0,0,0,0,0,0,0,0,0,0,0,0,0,0,0,0,0,0,0,0,0,0,0,0,0,0,0,0,0,0,0,0,0,0,0,0,0,0,0,0,0,0,0,0,0,0,0,0,0,0,0,0,0,0,0,0,0,0,0,-0.0395187036007446,0,0,0,0,0,0,0,0,-0.018935343248823,0,0,0,0,0,0,0,0,0,0,0,0,0,0,0,0,0,0,0,0,0,0,0,0,0,0,0,0,0,-0.0139915415810354,0,0,0,0,0,0,0,0,0,0,0,0,0,0,0,0,0,0,0,0,0,0,0,0,0,0,-0.00162547624617049,0,0,0,0,0,0,0,0,0,0,-0.0274971167840413,0,0,0,0,0,0,-0.0464816125128356,0,0,0,0,0,0,0,0,0,0,0,0,0,0,0,0,0,0,0,0,0,0,-0.0279985403026943,0,0,0,-0.0143388627402487,0,0,0,0,0,0,0,0,0,0,0,0,0,0,0,0,0,0,0,0,0,0,0,-0.00416704576280684,0,0,0,0,0,0,0,0,0,0,0,0,0,0,0,0,0,0,0,0,0,0,0,0,0,0,0,0,0,0,0,0,0,0,0,0,0,0,0,0,0,0,0
28,0,0,0,0,0,0,0,0,0,0,0,0,0,0,0,0,0,0,0,0,0,0,0,0,0,0,0,0,0.800835935110173,0,0,0,0,0,-0.00905868028609727,0,0,0,0,0,0,0,0,0,0,0,-0.0228518343475501,0,0,0,0,0,0,0,0,0,0,0,0,0,0,0,0,0,0,0,0,0,0,0,0,0,0,0,0,0,0,0,0,0,0,0,0,0,0,0,0,0,0,0,0,0,0,0,0,0,0,0,0,0,0,0,0,0,0,0,0,0,0,0,0,0,0,0,0,0,0,0,0,0,0,0,0,0,0,0,0,0,0,0,0,0,0,0,0,0,0,0,0,0,0,0,0,0,0,0,0,0,0,0,0,0,0,0,0,0,0,0,0,0,0,0,0,0,0,0,0,0,0,0,0,0,0,0,0,0,0,0,0,0,0,0,0,0,0,0,0,0,0,0,0,0,0,0,0,0,0,0,0,0,0,0,0,0,0,0,0,0,0,0,0,0,0,0,0,0,0,0,0,0,0,0,0,0,0,0,0,0,0,0,0,0,0,0,0,0,0,0,0,0,0,0,0,0,0,0,0,0,0,0,0,0,0,0,0,0,0,0,0,0,0,0,0,0,0,0,0,0,0,0,0,0,0,0,0,0,0,0,0,0,0,0,0,0,0,0,0,0,0,0,0,0,0,0,0,0,0,0,0,0,0,0,0,0,0,0,0,0,0,0,0,0,0,0,0,0,0,0,0,0,0,0,0,0,0,0,0,0,0,0,0,0,0,0,0,0,0,0,0,0,0,0,0,0,0,0,0,0,0,0,0,0,0,0,0,0,0,0,0,0,0,0,0,0,0,0,0,0,0,0,0,0,0,0,0,0,0,0,0,0,0,0,0,0,0,0,0,0,0,0,0,0,0,0,0,0,0,0,0,0,0,0,0,0,0,0,0,0,0,0,0,0,0,0,0,0,0,0,0,0,0,0,0,0,0,0,0,0,0,0,0,0,0,0,0,0,0,0,0,0,0,0,0,0,0,0,0,0,0,0,0,0,0,0,0,0,0,0,0,0,0,0,0,0,0,0,0,0,0,0,0,0,0,0,0,0,0,0,0,0,0,0,0,0,0,0,0,0,0,0,0,0,0,0,0,0,0,0,0,0
29,0,-0.0173829165773918,0,0,0,-0.0225936698681214,-0.0101065592435761,0,-0.0603022160809986,-0.0800684964883603,0,-0.00953318928395383,-0.0430894773518508,0,-0.0885802895779605,0,0,0,-0.0664493730101718,-0.0273753624904966,-0.0651493361670035,-0.111725166619889,0,-0.0966442034436875,0,0,0,-0.0145963910150333,0,1.22212785654647,0,0,-0.00213881773288729,0,-0.16149509620123,0,0,-0.00927093525868171,-0.00459727829971352,0,0,0,0,0,0,0,-0.0986720327989903,0,0,0,0,0,-0.0116016699648019,-0.118265707200329,-0.0308458406059597,0,0,0,0,0,0,0,0,-0.00700423229115649,-0.0667354085240203,-0.0887455149018084,0,0,-0.0566415069600212,0,0,0,-0.00558989022583483,0,0,0,0,0,0,0,-0.00413078416271823,-0.0451159247845708,0,0,0,0,-0.0392394681492372,0,0,0,0,0,0,0,0,0,0,-0.0182967186540726,0,0,0,0,0,0,-0.0141419591499597,0,0,0,0,0,-0.116955675427297,0,0,0,0,0,-0.0203308365061888,0,0,0,0,0,0,0,0,0,0,0,0,0,0,0,0,0,0,0,0,0,0,0,0,0,0,0,0,0,0,0,0,0,0,0,0,0,0,0,0,0,0,0,0,0,0,0,0,0,0,0,0,0,0,0,0,0,0,0,0,0,0,0,0,0,0,0,0,0,0,0,0,0,0,0,0,0,0,0,0,0,0,-0.0076362819495445,0,0,0,0,0,0,0,0,0,0,0,0,0,0,0,0,0,0,0,0,0,0,0,0,0,0,0,0,0,0,0,0,0,0,0,0,0,0,0,0,0,0,0,0,0,0,0,0,0,0,0,0,0,0,0,0,0,0,0,0,0,0,0,0,0,0,0,0,0,0,0,0,0,0,0,0,0,0,0,0,0,0,0,0,0,0,0,0,0,0,0,0,0,0,0,0,0,0,0,0,0,0,0,0,0,0,0,0,0,0,0,0,0,0,0,0,0,0,0,0,0,0,0,0,0,0,0,0,0,0,0,0,0,0,0,0,0,0,0,0,0,0,0,0,0,0,0,0,0,0,0,0,0,0,0,0,0,0,0,0,0,0,0,0,0,0,0,0,0,0,0,0,0,0,0,0,0,0,0,0,0,0,0,0,0,0,0,0,0,0,0,0,0,0,0,0,0,0,0,0,0,0,0,0,0,0,0,0,0,0,0,0,0,0,0,0,0,0,0,0,0,0,0,0,0,0,0,0,0,0,0,0,0,0,0,0,0,0,0,0,0,0,0,0,0,0,0,0,0,0,0,0,0,0,0,0,0,0,0,0,0,0,0,0,0,0,0,0,0,0,0,0,0,0,0,0,0,0,0,0,0,0,0,0,0,0,0,0,0,0,0,0,0,0,0,0,0,0,0,0
30,0,0,0,0,0,0,0,0,0,0,0,0,0,0,0,0,0,0,0,0,0,0,0,0,0,0,0,0,0,0,0.850087112553213,0,0,0,0,0,0,0,0,0,0,0,0,0,0,0,0,0,0,0,0,0,0,0,0,0,0,0,0,0,0,0,0,0,0,0,0,0,0,0,0,0,0,-0.0485619966410127,0,0,0,0,0,0,0,0,0,0,0,0,0,0,0,0,0,0,0,0,0,0,0,0,0,0,0,-0.000408503559678389,0,0,0,0,0,0,0,0,0,0,0,0,0,0,0,0,0,0,0,0,0,0,0,0,0,0,0,0,0,0,0,0,0,0,0,0,0,0,0,0,0,0,0,0,0,0,0,0,0,0,0,0,0,0,0,0,0,0,0,0,0,0,0,0,0,0,0,0,0,0,0,0,0,0,0,0,0,0,0,0,0,0,0,0,0,0,0,0,0,0,0,0,0,0,0,0,0,0,0,0,-0.0324667075103971,0,0,0,0,0,0,0,0,0,0,0,0,0,0,0,0,0,0,0,0,0,0,0,0,0,0,0,0,0,0,0,0,0,0,0,0,0,0,0,0,0,0,0,0,0,0,0,0,0,0,0,0,0,0,-0.00295703661689166,0,0,0,0,0,0,0,0,0,0,0,0,0,0,0,0,0,-0.0430873820242095,0,0,0,0,0,0,0,0,0,0,0,0,0,0,0,0,0,0,0,0,0,0,0,0,0,0,0,0,0,0,0,0,0,-0.0179625623091339,0,-0.00795819152279488,-0.0103375378156548,0,0,0,0,0,0,0,0,0,0,0,0,0,0,0,0,-0.00279811212285153,0,0,-0.0222071043506713,0,0,0,0,0,0,0,-0.00523550636894583,0,0,0,0,0,0,0,0,0,0,0,0,0,0,0,0,0,0,0,0,0,0,0,0,-0.00577006563710317,0,0,0,0,0,0,0,0,0,0,0,0,0,0,0,0,-0.0044373550950986,0,0,0,0,0,0,0,0,0,0,0,0,0,0,0,0,0,-0.00479062211228826,0,0,0,0,0,0,0,-0.0403776870800393,-0.00168447324938725,0,0,0,0,-0.00414959068730783,0,0,0,0,0,0,0,0,0,0,0,0,0,0,0,0,0,0,0,0,0,0,0,0,0,0,0,0,-0.0325070133436685,-0.00628151507781247,0,-0.00869101695544881,0,0,0,0,0,-0.00768889758602216,0,0,0,0,0,0,0,-0.00470888088019038,0,0,0,-0.0424586001395054,0,0,0,0,0,0,0,0,0,0,0,-0.00209197704707801,-0.00638572810212718,0,0,0,0,0,0,-0.00114317336997938,0,0,0,0,0,0,0,0,0,0,0,0,0,0,0
31,0,0,0,0,0,0,0,0,0,0,0,0,0,0,0,0,0,0,0,0,-0.0413635733038076,0,0,0,0,0,0,0,0,0,0,0.806064128844224,0,0,0,0,0,0,0,0,0,0,0,0,0,-0.0109298555772385,0,0,0,0,0,0,0,0,0,0,0,0,0,0,0,0,0,0,0,0,0,0,0,0,0,0,0,0,0,0,0,0,0,0,0,0,0,-0.0228888816106264,0,0,0,-0.00116410606050042,0,-0.00215856950332592,0,0,0,-0.00218628671704319,0,0,0,0,0,0,0,0,0,0,0,0,0,0,0,0,0,0,0,0,0,0,0,0,0,0,0,0,0,0,0,0,0,0,0,0,0,0,0,0,0,0,0,0,0,0,0,0,0,0,0,0,0,0,0,0,0,0,0,0,0,0,0,0,0,0,0,0,0,0,0,0,0,0,0,0,0,0,0,0,0,0,0,0,0,0,0,0,0,0,0,0,0,0,0,0,0,0,-0.00269840819468295,0,0,0,0,0,0,-0.00240465908676044,0,0,0,0,0,0,0,0,0,0,0,0,0,0,0,0,0,0,0,0,0,0,0,0,0,0,0,0,0,0,0,0,0,0,0,0,0,0,0,0,0,0,0,0,0,0,0,0,0,0,0,0,0,0,0,0,0,0,0,0,0,0,0,0,0,0,0,0,0,0,0,0,0,0,0,0,0,0,0,0,0,0,0,0,0,0,0,0,0,0,0,0,0,0,0,0,0,0,0,0,0,0,0,0,0,0,0,0,0,-0.00444130172309974,0,0,0,0,0,0,0,0,0,0,0,0,0,0,0,0,0,0,0,0,0,0,0,0,0,0,0,0,0,0,0,0,0,0,0,0,0,0,0,0,0,0,0,0,-0.000327817597316556,0,0,0,0,0,0,0,0,0,0,0,0,0,0,-0.00129026441997449,0,0,0,0,0,0,0,0,0,0,0,0,0,0,0,0,0,0,0,0,0,0,0,0,0,0,0,0,0,-0.0111102304267564,0,0,0,0,0,0,0,0,0,0,0,0,0,0,0,0,0,0,0,0,0,0,0,0,0,0,0,0,-0.0064854364828972,0,0,0,-0.00318228766464538,0,0,0,0,0,0,0,0,0,0,0,0,0,0,0,0,0,0,0,0,0,0,0,0,0,0,0,0,0,0,0,0,0,0,0,0,0,0,0,0,0,0,0,0,0,0,0,0,0,0,0,0,0,0,0,0,0,0,0,0,0,0,0,0,0,0,0
32,0,0,0,0,0,0,0,0,0,0,0,0,0,0,0,0,0,0,0,0,0,-0.0605803494094696,0,0,0,0,0,0,0,-0.00214027519606413,0,0,0.837462599191966,0,-0.0149830021771176,0,0,0,0,0,0,0,0,-0.00893685190066027,0,0,0,0,0,0,0,0,0,-0.0636505033850144,0,0,0,0,0,0,0,0,0,0,-0.0129080253344358,0,0,0,0,0,0,0,0,0,0,0,0,0,0,0,0,0,0,0,0,0,0,0,0,0,0,0,0,0,0,0,0,0,0,0,0,0,0,0,0,0,0,0,0,0,0,0,0,0,0,0,-0.0140621380675874,0,0,0,0,0,0,0,0,0,0,0,0,0,0,0,0,0,0,0,0,0,0,0,0,0,0,0,0,0,0,0,0,0,0,-0.0113447437212502,0,0,0,0,0,0,0,0,0,0,0,0,0,0,0,0,0,0,0,0,0,0,0,0,0,0,0,0,0,0,0,0,0,0,0,0,-0.00175609776918424,0,0,0,0,0,0,0,0,0,0,0,0,0,0,0,0,0,0,0,0,0,0,0,-0.0217389907157894,0,0,0,0,0,0,0,0,0,0,0,0,0,0,0,0,0,0,0,0,0,0,0,0,0,0,0,0,0,0,0,0,0,0,0,0,0,0,0,0,0,0,0,0,0,0,0,0,0,0,0,0,0,0,0,0,0,0,0,0,0,0,0,0,0,0,0,0,0,0,0,0,0,0,0,0,0,0,0,0,0,0,0,-0.0695055898160515,0,0,0,0,0,0,0,0,0,0,0,0,0,0,0,0,0,0,0,0,0,0,0,0,0,0,0,0,0,0,0,0,0,-0.039714349585681,0,0,0,0,0,0,0,0,0,0,0,0,0,0,0,0,0,0,0,0,0,0,0,0,0,0,0,0,0,0,0,0,0,0,0,0,0,0,0,0,0,0,0,0,0,0,0,0,0,0,0,0,0,0,0,0,0,0,0,0,0,0,0,0,0,0,0,0,0,0,0,0,0,0,0,0,0,0,0,0,0,0,0,0,0,0,0,0,0,0,0,0,0,0,0,0,0,0,0,0,0,0,0,0,0,0,0,0,0,0,0,0,0,0,0,0,0,0,0,0,0,0,0,-0.00225346747034249,0,0,0,0,0,0,0,0,0,0,0,0,0,0,0,0,0,0,0,0,0,0,0,0,0,0,0,0,0,0,0,0,0,0,0,0,0,0,0,0,0,0,0,0,0
33,0,0,0,0,0,0,0,-0.0234021057736622,0,0,0,-0.00114511199610928,0,0,0,0,0,0,0,0,-0.0231173767436237,0,0,-0.0444292207775614,0,0,0,0,0,0,0,0,0,1.1385558559182,0,0,0,0,0,0,0,0,0,0,0,0,0,0,0,0,-0.0190711276409831,-0.0296586911036618,0,0,0,0,0,0,0,0,0,0,0,-0.0090622768345266,0,0,-0.126139901957207,-0.0533553446015831,0,0,0,0,0,0,0,-0.0228429541299182,0,0,-0.0369967644984617,0,0,0,0,-0.0666199462292038,0,0,0,-0.0406315945362063,-0.00170933770485527,0,-0.0161621761316235,0,0,-0.0416180615344936,-0.0886589210264927,0,0,0,0,0,0,0,0,0,0,0,0,0,0,0,0,0,0,0,0,0,0,0,0,0,0,0,0,0,0,0,0,0,0,0,0,0,0,0,-0.0393946878625752,0,0,0,0,0,-0.0183772811521563,0,0,0,0,0,0,0,0,0,0,0,0,0,0,0,0,0,0,0,0,0,0,0,0,0,0,0,0,0,0,0,0,0,0,0,0,0,0,0,0,0,0,0,0,0,0,0,-0.00256182642336815,0,0,0,0,0,0,0,0,0,0,0,0,-0.0512775132844267,0,0,0,0,0,0,0,0,0,0,0,0,0,0,0,0,0,0,0,0,0,0,0,0,0,0,0,0,0,0,0,0,0,0,0,0,0,0,0,0,0,0,0,0,0,0,0,0,0,0,0,0,0,0,0,0,0,0,0,0,0,0,0,0,0,0,0,0,0,0,0,0,0,0,0,0,0,0,0,0,0,0,0,0,0,0,0,0,0,0,0,0,0,0,0,0,0,0,0,0,0,0,0,0,0,0,0,0,0,0,0,0,0,0,0,0,0,0,0,-0.0228553792729396,0,0,0,0,0,0,0,0,0,0,0,0,-0.0227318577169124,0,0,0,0,0,0,0,0,0,0,0,0,0,0,0,0,0,0,0,-0.00825045261917359,0,0,0,0,0,0,0,0,0,0,0,0,0,0,0,0,0,0,0,0,-0.00503256292523281,0,0,0,-0.0218923580561181,0,0,0,-0.06471903397381,0,0,0,0,0,0,0,0,-0.0406910427368332,0,0,-0.0539103041909882,0,0,0,0,0,-0.0238922587722395,0,0,0,-0.0507010655575334,0,0,0,0,0,0,0,0,0,0,0,0,0,0,0,0,0,0,0,0,0,0,0,0,0,0,0,0,0,0,0,0,0,0,0,0,0,0,0,0,0,0,0,0,0,0,0,0,0,0,-0.0656275053145782,0,0,0,0,0,0,0,0,0,0,-0.0149038310814368,0,0,0,0,-0.0157137001948046,0,0,0,0,0,0,0,0,0,0,0,0,0,0,0,0,0,-0.00235714546489572,0,0,0,0,0,0,0,0,0
34,0,0,0,0,0,0,0,0,0,-0.0105381578504771,0,0,-0.0683964065716657,0,-0.0448859917264293,0,0,0,-0.0102447842731682,-0.0403665145236138,0,-0.0568171356961123,0,0,0,-0.128782238910522,0,0,-0.00905871923924836,-0.161496304257349,0,0,-0.0149842532498424,0,0.97347827407906,0,0,0,0,0,0,0,0,0,0,0,-0.0133424414373431,0,0,0,0,0,0,-0.0765432476959234,0,0,0,0,0,0,0,0,0,0,-0.0193001269331645,0,0,0,-0.0452586792972207,0,0,0,0,0,0,0,0,0,0,0,0,0,0,0,0,0,0,0,0,0,0,0,0,0,0,0,0,-0.10708146495279,0,0,0,0,0,0,0,0,0,0,0,0,0,0,0,0,0,0,0,-0.0314824856878736,0,0,0,0,0,0,0,0,0,0,0,0,0,0,0,0,0,0,0,0,0,0,0,0,0,0,0,0,0,0,0,0,0,0,0,0,0,0,0,0,0,0,-0.0229899988402081,0,0,0,0,0,0,0,0,0,0,0,0,0,0,0,0,0,0,0,0,0,0,0,0,0,0,0,0,0,0,0,0,0,0,0,0,0,0,-0.00283716970959469,0,0,0,0,0,0,0,0,0,0,0,0,0,0,0,0,0,0,0,0,0,0,0,0,0,0,0,0,0,0,0,0,0,0,0,0,0,0,0,0,0,0,0,0,0,0,0,0,0,0,0,0,0,0,0,0,0,0,0,0,0,0,0,0,0,0,0,0,0,0,0,0,0,0,0,0,0,0,0,0,0,0,0,0,0,0,0,0,0,0,0,0,0,0,0,0,0,0,0,0,0,0,0,0,0,0,0,0,0,0,0,0,0,0,0,0,0,0,0,0,0,0,0,0,0,0,0,0,0,0,-0.0201099726939697,0,0,0,0,0,0,0,0,0,0,0,0,0,0,0,0,0,0,0,0,0,0,0,0,0,0,0,0,0,0,0,0,0,0,0,0,0,0,0,0,0,0,0,0,0,0,0,0,0,0,0,0,0,0,0,0,0,0,0,0,0,0,0,0,0,0,0,0,0,0,0,0,0,0,0,0,0,0,0,0,0,0,0,0,0,0,0,0,0,0,0,0,0,0,0,0,0,0,0,0,0,0,0,0,0,0,0,0,0,0,0,0,0,0,0,0,0,0,0,0,0,0,0,0,0,0,0,0,0,0,0,0,0,0,0,0,0,0,0,0,0,0,0,0,0,0,0,0,0,0,0,0,0,0,0,0,0,0,0,0,0,0,0,0,0,0,0,0,0
35,0,0,0,0,0,0,0,0,0,0,0,0,0,0,0,0,0,0,0,0,0,0,0,0,0,0,0,0,0,0,0,0,0,0,0,0.801344066398665,0,0,0,0,0,0,0,0,0,0,0,0,0,0,0,0,0,0,0,0,0,0,0,0,0,0,0,0,0,0,0,0,0,0,0,0,0,0,0,0,0,0,0,0,0,0,0,0,0,0,0,0,0,0,0,0,0,0,0,0,0,0,0,0,0,0,0,0,0,0,0,0,0,0,0,0,0,0,0,0,0,0,0,0,0,0,0,0,0,0,0,0,0,0,0,0,0,0,0,0,0,0,0,0,0,0,0,0,0,0,0,0,0,0,0,-0.0327326551345275,0,0,0,0,0,0,0,0,0,0,-0.00166798565143858,0,0,0,0,0,0,0,0,0,0,0,0,0,0,0,0,0,0,0,0,0,0,0,0,0,0,0,0,0,0,0,0,0,0,0,0,0,0,0,0,0,0,0,0,0,0,0,0,0,0,0,0,0,0,0,0,0,0,0,0,0,0,0,0,0,0,0,0,0,0,0,0,0,0,0,0,0,0,0,0,0,0,0,0,0,0,0,0,0,0,0,0,0,0,0,0,0,0,0,0,0,0,0,0,0,0,0,0,0,0,0,0,0,0,0,0,0,0,0,0,0,0,0,0,0,0,0,0,0,0,0,0,0,0,0,0,0,0,0,0,0,0,0,0,0,0,0,0,0,0,0,0,0,0,0,0,0,0,0,0,0,0,0,0,0,0,0,0,0,0,0,0,0,0,0,0,0,0,0,0,0,0,0,0,0,0,0,0,0,0,0,0,0,0,0,0,0,0,0,0,0,0,0,0,0,0,0,0,0,0,0,0,0,0,0,0,0,0,0,0,0,0,0,0,0,0,0,0,0,0,0,0,0,0,0,0,0,0,0,0,0,0,0,0,0,0,0,0,0,0,0,0,0,0,0,0,0,0,0,0,0,0,0,0,0,0,0,0,0,0,0,0,0,0,0,0,0,0,0,0,0,0,0,0,0,0,0,0,0,0,0,0,0,0,0,0,0,0,0,0,0,0,0,0,0,0,0,0,0,0,0,0,0,0,0,0,0,0,0,0,0,0,0,0,0,0,0,0,0,0,0,0,0,0,0,0,0
36,0,0,0,0,0,0,0,0,0,0,0,0,0,0,0,0,0,0,0,0,0,0,0,0,-0.0827072530976028,0,0,0,0,0,0,0,0,0,0,0,0.948844830325919,0,0,0,-0.0361528495693408,0,0,0,0,0,0,0,-0.0273954037040655,0,0,0,0,0,0,0,0,0,0,0,0,0,0,0,0,0,0,0,0,0,0,0,0,0,0,0,0,0,0,0,0,0,0,0,0,0,0,0,0,0,0,0,0,0,0,0,0,0,0,0,0,0,0,0,0,0,0,0,0,0,0,0,0,0,0,0,0,0,0,0,0,0,0,0,0,0,0,0,0,0,0,0,0,0,0,0,0,0,0,0,0,0,0,0,0,0,0,0,0,0,0,0,0,0,0,0,0,0,0,0,0,0,0,0,0,0,0,0,0,0,0,0,0,0,0,0,0,0,0,0,0,0,0,0,0,0,0,-0.0207924811893025,0,0,0,0,0,-0.00596947934815401,0,0,0,0,0,0,0,0,0,0,0,0,0,-0.0240488730573367,0,0,0,0,0,0,0,0,0,0,0,0,0,0,0,0,0,0,0,0,0,0,0,0,0,0,0,0,0,0,0,0,0,0,0,0,0,0,0,0,0,0,0,0,0,0,0,0,0,0,0,0,0,0,0,0,0,0,0,0,0,0,0,0,0,0,0,0,0,0,0,0,0,0,0,0,0,0,0,0,0,0,0,0,0,0,0,0,0,0,0,0,0,0,0,0,0,0,0,0,0,0,-0.0105674458740743,0,0,0,0,0,0,0,0,0,0,0,0,0,0,0,0,0,0,-0.00930408895628219,0,0,0,-0.0402153333090367,0,0,0,0,0,0,0,-0.0233585081348468,0,0,0,0,0,0,0,0,0,0,0,0,-0.00698862489754865,0,0,0,0,0,0,0,0,0,0,0,0,0,0,0,-0.0558123820072997,0,0,0,0,0,0,0,-0.0319218813150636,0,0,0,0,0,0,0,0,0,0,0,0,0,0,0,0,0,0,0,-0.00696124707129077,0,0,0,0,0,0,0,0,0,0,0,0,0,0,-0.0316072305184235,0,0,0,0,0,0,0,-0.0011940292345843,0,0,0,0,0,0,0,0,0,0,0,0,-0.0012379496398535,0,0,0,-0.0352653494485539,0,0,0,0,0,0,0,0,0,0,-0.00349170040568098,0,0,0,0,0,0,0,0,-0.0134489539527248,-0.0725968773205581,0,-0.00868450013371372,0,0,0,0,0,0,0,0,0,0,0,0,0,0,0,0,0,0,0,0,0,0,0,0,0,-0.0238037832405314,0,0,0,0,0,0,0,0,0,0,-0.0524338134025556,0
37,0,0,0,0,0,0,0,0,0,0,0,0,0,0,-0.0590743177281164,0,0,0,-0.0194559622389185,-0.00822362033511151,0,0,0,-0.00653828593163734,0,0,0,0,0,-0.00926557443537725,0,0,0,0,0,0,0,0.930847867377758,0,0,0,0,0,0,0,0,-0.0129252569470297,0,0,0,-0.0834972172973851,0,0,0,-0.0681699647980575,0,0,0,0,0,0,0,0,0,0,0,0,0,0,0,0,0,0,0,-0.0305893226772231,0,0,0,0,0,0,0,0,0,0,0,0,0,0,0,0,0,-0.0275594926709217,0,-0.0106401128498095,0,0,-0.0271521097800515,0,0,0,0,0,0,-0.0159363175496791,0,0,0,0,0,0,0,0,0,0,0,0,0,0,0,0,-0.0167308633657444,0,0,0,0,0,0,0,0,0,-0.0238455159562878,0,0,0,0,0,0,0,0,0,0,0,0,0,0,0,0,0,0,0,0,0,0,0,0,0,0,0,0,0,0,0,0,0,0,0,0,0,0,0,0,0,0,0,0,0,0,0,0,0,0,0,0,0,0,0,0,0,0,0,0,0,0,0,0,0,0,0,0,0,0,0,0,0,0,0,0,0,0,0,0,0,0,0,0,0,0,-0.0556115943594266,0,0,0,0,0,0,0,0,0,0,0,0,0,0,0,0,0,0,0,0,0,0,0,0,0,0,0,0,0,0,0,0,0,0,0,0,0,0,0,0,0,0,0,0,0,0,0,-0.0195074689201496,0,0,0,0,0,0,0,0,0,0,0,0,0,0,0,0,0,0,0,0,0,0,0,0,0,0,0,0,0,-0.0028833360997785,0,0,0,0,0,0,0,0,0,0,0,-0.00547616772679723,0,0,0,0,0,0,0,0,0,0,0,0,-0.0192275415579754,0,0,0,0,0,0,0,0,-0.00813483505779754,0,0,0,0,0,0,0,0,0,0,0,-0.0299451281737795,0,0,0,0,0,0,0,0,0,0,0,0,0,0,0,0,0,0,0,0,0,0,0,0,0,0,0,0,0,0,0,0,0,0,0,-0.00633192984416703,0,0,0,0,0,0,0,0,-0.00553177525796384,0,0,0,0,0,0,0,0,0,0,0,0,0,0,0,0,-0.00693941057251855,0,0,0,0,0,-0.0264076779107078,0,0,0,0,0,0,0,0,0,0,0,0,0,0,0,0,0,0,0,0,0,0,0,0,0,0,-0.00586583114468533,-0.0674917893631525,0,0,0,0,0,0,0,0,-0.00806837313777767,0,0,0,0,0,0,-0.0113134497148589,0,0,0,0,0,0,0,0,0,0,0,0,0,0,0,0,0,0,0,-0.00604886649341179,0,0,0,0,0,0,0,0,0,0,0,0,0,0,-0.0314985778686801,0,0,0,0,-0.039350186939979,0,0,0,0,0
38,0,0,0,0,0,0,0,0,0,-0.0125439916653461,0,0,0,0,0,0,0,-0.000954588099224701,0,0,0,-0.0166986900073372,0,0,0,0,0,0,0,-0.00459771755957619,0,0,0,0,0,0,0,0,0.802619055677858,0,0,0,0,0,0,0,0,0,0,0,0,0,0,-0.0317635739342243,0,0,0,0,0,0,0,0,0,0,0,0,0,0,0,0,0,0,0,0,0,0,0,0,0,0,0,0,0,0,0,0,0,0,0,0,0,0,0,0,0,0,0,0,0,0,0,0,0,0,0,0,0,0,0,0,0,0,0,0,0,0,0,0,0,0,0,0,0,0,0,0,0,0,0,0,0,0,0,0,0,0,0,0,0,0,0,0,0,0,0,0,0,0,0,0,0,0,0,0,0,0,0,0,0,0,0,0,0,0,0,0,0,0,0,0,0,0,0,0,0,0,0,0,0,0,0,0,0,0,0,0,0,0,0,0,0,0,0,0,0,0,0,0,0,0,0,0,0,0,0,0,0,0,0,0,0,0,0,0,0,0,0,0,0,0,0,0,0,0,0,0,0,0,0,0,0,0,0,0,0,0,0,0,0,0,0,0,0,0,0,0,0,0,0,0,0,0,0,0,0,0,0,0,0,0,0,0,0,0,0,0,0,0,0,0,0,0,0,0,0,0,0,0,0,0,0,0,0,0,0,0,0,0,0,0,0,0,0,0,0,0,0,0,0,0,0,0,0,0,0,0,0,0,0,0,0,0,0,0,0,0,0,0,0,0,0,0,0,0,0,0,0,0,0,0,0,0,0,0,0,0,0,0,0,0,0,0,0,0,0,0,0,0,0,0,0,0,0,0,0,0,0,0,0,0,0,0,0,0,0,0,0,0,0,0,0,0,0,0,0,0,0,0,0,0,0,0,0,0,0,0,0,0,0,0,0,0,0,0,0,0,0,0,0,0,0,0,0,0,0,0,0,0,0,0,0,0,0,0,0,0,0,0,0,0,0,0,0,0,0,0,0,0,0,0,0,0,0,0,0,0,0,0,0,0,0,0,0,0,0,0,0,0,0,0,0,0,0,0,0,0,0,0,0,0,0,0,0,0,0,0,0,0,0,0,0,0,0,0,0,0,0,0,0,0,0,0,0,0,0,0,0,0,0,0,0,0,0,0,0,0,0,0,0,0
39,0,0,0,0,0,0,0,-0.028591636023322,0,0,0,0,0,0,0,0,0,0,0,0,-0.00813172770152342,0,0,0,0,0,0,0,0,0,0,0,0,0,0,0,0,0,0,0.851928185805852,0,0,0,0,0,0,0,0,0,0,0,0,0,0,0,0,0,0,0,0,0,0,0,0,0,0,0,0,0,0,0,0,0,0,0,0,0,0,0,0,0,0,0,0,0,0,0,0,-0.0119099523809819,-0.0153083438321948,0,0,0,0,0,0,0,0,0,0,0,0,0,0,0,0,0,0,0,0,0,0,0,0,0,0,0,0,-0.0775617606934244,0,0,0,0,0,0,0,0,0,0,0,0,0,0,0,-0.0233781524642323,0,0,0,0,0,0,0,0,0,0,0,0,0,0,0,0,0,0,0,0,0,0,0,0,0,0,0,0,0,0,0,0,0,0,0,0,0,0,0,0,0,0,0,0,0,0,0,0,0,0,0,0,0,0,0,0,0,0,0,0,0,0,0,0,0,0,0,0,0,0,0,0,0,0,0,0,0,0,0,0,0,0,0,0,0,0,0,0,0,0,0,0,0,0,0,0,0,0,0,0,0,0,0,0,0,0,0,0,0,0,0,0,0,0,0,0,0,0,0,0,0,0,0,0,0,0,0,0,0,0,0,0,0,0,0,0,0,0,0,0,0,0,0,0,0,0,0,0,0,0,0,0,0,0,0,0,0,0,0,0,0,0,0,0,0,0,0,0,0,0,0,0,0,0,0,0,0,0,0,0,0,0,0,0,0,0,0,0,0,0,0,0,0,0,0,0,0,0,0,0,0,0,0,0,0,0,0,0,0,0,0,0,-0.0805944633428923,0,0,0,0,0,0,0,0,0,0,0,0,0,0,0,0,-0.0406663870294172,0,0,0,0,0,0,0,0,0,0,0,0,0,0,0,0,0,0,-0.0330937992123891,0,0,0,0,0,0,0,0,0,0,0,0,0,0,0,0,0,0,0,0,0,0,0,0,0,0,0,0,0,0,0,0,0,0,0,0,0,0,0,0,0,0,0,0,0,0,0,0,0,0,0,0,0,0,0,0,0,0,0,0,0,0,0,0,0,0,0,0,0,0,0,0,0,0,0,0,0,0,0,0,0,0,0,0,0,0,0,0,-0.0131448169878541,0,0,0,0,0,0,0,0,0,0,0,0,0,0,0,0,0,0,0,0,0,0,0,0,0,0,0
40,0,0,0,0,0,0,0,0,0,0,0,0,0,0,0,0,0,0,0,0,0,0,0,0,-0.0470591182347176,0,0,0,0,0,0,0,0,0,0,0,-0.0361514332861126,0,0,0,0.903244872410594,0,0,0,0,0,0,0,0,0,0,0,0,0,0,0,0,0,0,0,0,0,0,0,0,0,0,0,0,0,0,0,0,0,0,0,0,0,0,0,0,0,0,0,0,0,0,0,0,0,0,0,0,0,0,0,0,0,0,0,0,0,0,0,0,0,0,0,0,0,0,0,0,0,0,0,0,0,0,0,0,0,0,0,0,0,0,0,0,0,0,0,0,0,0,0,0,0,0,0,0,0,0,0,0,0,0,0,0,0,0,0,0,0,0,0,0,0,0,0,0,0,0,0,0,0,0,0,0,0,0,0,0,0,0,0,0,0,0,0,0,0,0,0,0,0,0,-0.00116189258943006,0,0,0,0,0,0,0,0,0,-0.00434754969685771,0,0,0,0,-0.0141704165092251,0,0,0,0,-0.0250503349500832,0,0,0,0,0,0,0,0,0,0,0,0,0,0,0,0,0,0,0,0,0,0,0,0,0,0,0,0,0,0,0,0,0,0,0,0,0,0,0,0,0,0,0,0,0,0,0,0,0,0,0,0,0,0,0,0,0,-0.008861564151978,0,0,0,0,0,0,0,0,0,0,0,0,0,0,0,0,0,0,0,0,0,0,-0.00329836631638762,0,0,0,0,0,0,0,0,0,0,0,0,0,0,0,0,0,0,0,0,0,0,0,0,0,0,0,0,0,0,0,0,0,0,0,0,0,0,0,0,-0.0124673823937353,0,0,-0.0294156751102815,0,0,0,0,0,0,0,0,-0.00777960379072929,0,0,0,0,0,0,0,0,0,0,0,0,-0.0205765114446859,-0.0237443143585893,0,0,0,0,0,0,0,0,0,-0.00259268452577262,0,-0.00281648965726985,0,0,-0.0386350855651895,0,0,0,0,0,0,0,0,0,0,0,0,0,0,0,0,0,0,0,0,0,0,0,0,0,0,0,0,0,0,0,0,0,0,0,0,0,0,0,0,0,0,-0.00485213951783917,0,0,0,0,0,0,0,-0.00518188291045312,0,0,0,0,0,0,0,0,0,0,0,0,0,0,0,0,0,0,0,0,0,0,0,0,0,0,0,0,0,0,-0.0253496351559658,0,0,0,0,0,-0.0381138600746365,-0.0129435120678035,-0.00541850276321314,0,0,0,-0.0369361593108599,0,-0.00699487437247849,0,0,0,0,0,0,0,0,0,-0.0181158921656046,0,0,0,0,0,0,0,0,0,0,-0.00342357708040952,0,-0.0187560943228694,0,0,0,0,0,0,0,0,-0.0450010713745617,0
41,0,0,0,0,0,0,0,0,0,0,0,0,0,0,0,0,0,0,0,0,0,0,0,0,0,0,0,0,0,0,0,0,0,0,0,0,0,0,0,0,0,0.932223753149177,0,0,0,0,0,0,0,0,0,0,0,0,0,0,0,0,0,0,0,0,0,0,0,0,0,0,0,0,0,0,0,0,0,0,0,0,0,0,0,0,0,0,0,0,0,0,0,0,0,0,0,0,0,0,0,0,0,-0.0168313282911093,0,0,0,0,0,0,0,0,0,0,0,0,0,0,0,0,0,0,0,0,0,0,0,0,0,0,0,0,-0.228374766184512,0,0,0,0,0,0,0,0,0,0,0,0,0,0,0,0,0,0,0,0,0,0,0,0,0,0,0,0,0,0,0,0,0,0,0,0,0,0,0,0,0,0,0,0,0,0,0,0,0,0,0,0,0,0,0,0,0,0,0,0,0,0,0,0,0,0,0,0,0,0,0,0,0,0,0,0,0,0,0,0,0,0,0,0,0,0,0,0,0,0,0,0,0,0,0,0,0,0,0,0,0,0,0,0,0,0,0,0,0,0,0,0,0,0,0,0,0,0,0,0,0,0,0,0,0,0,0,0,0,0,0,0,0,0,0,0,0,0,0,0,0,0,0,0,0,0,0,0,0,0,0,0,0,0,0,0,0,0,0,0,0,0,0,0,0,0,0,0,0,0,0,0,0,0,0,0,0,0,0,0,0,0,0,0,0,0,0,0,0,0,0,0,0,0,0,0,0,0,0,0,0,0,0,0,0,0,0,0,0,0,0,0,0,0,0,0,0,0,0,0,0,0,0,0,0,0,0,0,0,0,0,0,0,0,0,0,0,0,0,0,0,0,0,0,0,0,0,0,0,0,0,0,0,0,0,0,0,0,0,0,0,0,0,0,0,0,0,0,0,0,-0.143904379975163,0,0,0,0,0,0,0,0,0,0,0,0,0,0,0,0,0,0,0,0,0,0,0,0,0,0,0,0,0,0,0,0,0,0,0,0,0,0,0,0,0,0,0,0,0,0,0,0,0,0,0,0,0,0,0,0,0,0,0,0,0,0,-0.12122372479038,0,0,0,0,0,0,0,0,0,0,0,0,0,0,0,0,0,0,0,0,0,0,0,0,0,0,0,0,0,0,0,0,0,0,0,0,0
42,0,0,0,0,0,0,0,0,0,0,0,0,0,0,0,0,0,0,0,0,0,0,0,0,0,0,0,0,0,0,0,0,0,0,0,0,0,0,0,0,0,0,0.8,0,0,0,0,0,0,0,0,0,0,0,0,0,0,0,0,0,0,0,0,0,0,0,0,0,0,0,0,0,0,0,0,0,0,0,0,0,0,0,0,0,0,0,0,0,0,0,0,0,0,0,0,0,0,0,0,0,0,0,0,0,0,0,0,0,0,0,0,0,0,0,0,0,0,0,0,0,0,0,0,0,0,0,0,0,0,0,0,0,0,0,0,0,0,0,0,0,0,0,0,0,0,0,0,0,0,0,0,0,0,0,0,0,0,0,0,0,0,0,0,0,0,0,0,0,0,0,0,0,0,0,0,0,0,0,0,0,0,0,0,0,0,0,0,0,0,0,0,0,0,0,0,0,0,0,0,0,0,0,0,0,0,0,0,0,0,0,0,0,0,0,0,0,0,0,0,0,0,0,0,0,0,0,0,0,0,0,0,0,0,0,0,0,0,0,0,0,0,0,0,0,0,0,0,0,0,0,0,0,0,0,0,0,0,0,0,0,0,0,0,0,0,0,0,0,0,0,0,0,0,0,0,0,0,0,0,0,0,0,0,0,0,0,0,0,0,0,0,0,0,0,0,0,0,0,0,0,0,0,0,0,0,0,0,0,0,0,0,0,0,0,0,0,0,0,0,0,0,0,0,0,0,0,0,0,0,0,0,0,0,0,0,0,0,0,0,0,0,0,0,0,0,0,0,0,0,0,0,0,0,0,0,0,0,0,0,0,0,0,0,0,0,0,0,0,0,0,0,0,0,0,0,0,0,0,0,0,0,0,0,0,0,0,0,0,0,0,0,0,0,0,0,0,0,0,0,0,0,0,0,0,0,0,0,0,0,0,0,0,0,0,0,0,0,0,0,0,0,0,0,0,0,0,0,0,0,0,0,0,0,0,0,0,0,0,0,0,0,0,0,0,0,0,0,0,0,0,0,0,0,0,0,0,0,0,0,0,0,0,0,0,0,0,0,0,0,0,0,0,0,0,0,0,0,0,0,0,0,0,0,0,0,0,0,0,0,0,0,0,0,0,0,0,0,0,0,0
43,0,0,0,0,0,0,0,0,0,0,0,0,0,0,0,0,0,0,0,0,0,0,0,0,0,0,0,0,0,0,0,0,-0.00893764334715508,0,0,0,0,0,0,0,0,0,0,0.84037561711371,0,-0.00160417003197474,0,0,0,0,0,0,0,0,0,0,0,0,0,0,0,0,0,0,0,0,0,0,0,0,0,0,0,0,0,0,0,0,0,0,0,0,0,0,0,0,0,0,0,0,0,0,0,0,0,0,0,0,0,0,0,0,0,-0.00605209536033664,0,0,0,0,0,0,0,0,0,0,0,0,0,0,0,0,0,0,0,0,0,0,0,0,0,0,0,0,0,0,0,0,0,0,0,0,0,0,0,0,0,0,0,0,0,0,0,0,0,0,0,0,0,0,0,0,0,0,0,0,0,0,0,0,0,0,0,0,0,0,0,0,0,0,0,0,0,0,0,0,0,0,0,0,0,0,0,0,0,0,0,0,0,0,0,-0.0154510393178308,0,0,-0.0348304026041441,0,0,0,0,-0.061685001200057,0,0,0,0,0,0,0,0,0,0,0,0,0,0,0,0,0,0,-0.000179626344671957,-0.00336130563824213,0,0,0,0,0,0,0,0,0,0,0,0,0,0,0,0,0,0,0,0,0,0,0,0,0,0,0,0,0,0,0,0,0,0,0,0,0,0,0,0,0,0,0,0,0,0,0,0,0,0,0,0,0,0,0,0,0,0,-0.00599166316418596,0,0,0,0,0,0,0,0,0,-0.061971593304295,0,0,0,0,0,0,0,0,0,0,0,0,0,0,0,0,0,-0.0375900833478438,0,0,0,0,0,0,0,0,0,0,0,0,0,0,0,0,0,0,0,0,0,0,0,0,0,0,0,0,0,0,0,0,0,0,0,0,0,0,0,0,0,0,0,0,0,0,0,0,0,0,0,0,0,0,0,0,0,0,-0.0022356138498974,0,0,0,0,0,0,0,0,-0.0445994764276173,0,0,0,0,0,0,0,0,0,0,0,0,0,0,0,0,0,0,0,0,0,0,0,0,0,0,0,0,0,0,0,0,0,0,0,0,0,0,-0.0278805953863885,0,0,0,0,0,0,0,0,0,0,0,0,0,0,0,0,0,0,0,0,0,0,0,0,0,0,0,0,0,0,0,0,0,0,0,0,0,0,0,0,0,0,0,0,0,0,0,0,0,0,0,0,0,0,-0.00987651404125838,0,0,0,0,0,0,0,0,0,0,0,0,0,0,0,0,0,0,0,0,0,0,0
44,0,0,0,0,0,0,0,-0.00512117967834714,0,0,0,0,0,0,0,0,0,0,-0.0285723184525107,-0.0125022634991254,-0.00835290573956537,0,0,0,0,0,0,0,0,0,0,0,0,0,0,0,0,0,0,0,0,0,0,0,0.874280250962382,0,0,0,0,0,0,0,0,0,-0.0421944043972654,0,0,0,0,0,0,0,0,0,0,-0.0354826886127097,0,0,0,0,0,0,0,0,0,0,0,0,0,0,0,0,0,-0.000319594348898958,0,0,-0.0193587278216086,-0.0127933711208422,0,-0.0180722477944437,-0.0120436528210188,0,0,0,-0.0380864853463095,0,0,0,0,0,0,0,-0.0349076666879874,0,0,0,-0.00988941011720282,0,0,0,0,0,0,0,0,0,0,0,0,0,0,0,0,0,0,0,0,0,0,0,0,0,0,0,0,0,0,0,0,0,0,0,0,0,0,0,0,0,0,0,0,0,0,0,0,0,0,0,0,0,0,0,0,0,0,0,0,0,0,0,0,0,0,0,0,0,0,0,0,0,0,0,0,0,0,0,0,0,-0.00737698573510042,0,0,0,-0.02326365994877,0,0,0,0,0,0,-0.0494326280361008,0,0,0,0,0,0,0,0,0,0,0,0,0,0,0,0,0,0,0,0,0,0,0,0,0,0,-0.0139102539030326,0,0,0,0,0,0,0,0,0,0,0,0,0,0,0,0,0,0,0,0,0,0,0,0,0,0,0,0,0,0,0,0,0,0,0,0,0,0,0,0,0,0,0,0,0,0,0,0,0,0,0,0,0,0,0,0,0,0,0,0,0,0,0,0,0,0,0,0,0,0,0,0,0,0,0,0,0,0,0,0,0,0,0,0,0,0,0,0,0,0,0,0,0,0,0,0,0,0,0,0,0,0,0,-0.0238451627800196,0,0,0,0,0,0,0,0,0,0,0,-0.0121794553466004,0,0,0,0,0,0,0,0,0,0,0,0,0,-0.00893954576879284,0,0,0,-0.00116889970433615,0,0,0,0,0,0,0,0,-0.00922632618682939,0,0,0,0,0,0,0,0,0,0,0,0,0,0,0,0,0,-0.0101950784246916,0,0,0,0,0,0,0,0,0,0,0,0,0,0,0,0,0,-0.0137587079749384,0,0,0,0,0,0,0,0,0,0,0,0,0,0,0,0,0,0,0,0,0,0,0,0,0,0,0,0,0,0,0,0,0,0,0,0,0,0,0,0,0,0,0,0,0,0,0,0,0,0,0,0,0,0,0,0,0,0,0,0,0,0,0,0,0,0,0,0,0,0,0,0,0,0,0,0,0,0,0,0,0,0,0,0,0,0,0,0,0,0,0,0,0,0
45,0,0,-0.0314343179750207,0,0,0,0,0,0,0,0,0,0,0,0,0,0,0,0,-0.011538998352276,0,0,-0.0878313046829707,0,0,0,0,0,0,0,0,-0.0109302538315326,0,0,0,0,0,0,0,0,0,0,0,-0.00160383938380571,0,0.958612301357701,0,0,0,0,0,0,0,0,0,0,0,0,0,0,0,0,0,0,0,0,0,0,0,-0.0085837105885046,0,0,0,-0.0153705838768035,0,0,0,0,0,0,0,0,0,0,0,0,0,0,0,0,0,0,0,0,0,0,0,0,0,0,0,0,-0.0410889457420311,-0.031876008024098,0,0,0,0,0,0,0,0,0,0,0,0,0,0,0,0,0,0,0,0,0,0,0,0,0,0,0,0,0,0,0,0,0,0,0,0,0,0,0,0,0,0,0,0,0,0,0,0,0,0,0,0,-0.00945690002264396,0,0,0,0,0,0,0,0,0,0,0,0,0,0,0,-0.0251886482698629,0,0,0,0,0,0,0,0,0,0,0,0,0,0,-0.0054532447693598,0,0,-0.00867529670289016,0,0,0,0,0,0,0,0,0,0,0,-0.0180461733080829,0,0,0,0,-0.0513309753092675,0,0,0,0,0,-0.0312095165918981,0,0,0,0,0,0,0,0,0,0,0,0,0,0,0,0,0,0,0,0,0,0,0,0,0,0,0,0,0,0,0,0,0,0,0,0,0,0,0,0,0,0,0,-0.00525356867872431,0,0,0,0,0,0,0,0,0,0,0,0,0,0,0,0,0,0,0,0,0,0,0,0,0,0,0,-0.000732511660037759,0,0,0,0,0,0,0,0,0,0,0,0,0,0,0,0,0,0,0,0,0,0,0,0,0,0,0,0,0,-0.0491817007988059,0,0,0,0,0,0,0,0,0,0,0,0,0,-0.027566056388346,0,0,0,0,0,0,0,0,0,-0.0146873508703846,0,0,0,0,0,0,0,0,0,0,0,0,0,0,-0.00398179040952489,0,-0.00260951322804696,0,0,0,0,0,0,0,0,0,0,-0.00527811737598765,0,-0.0407034941121019,0,-0.0367245092979056,0,0,-0.0596910379153447,0,0,0,0,0,0,0,0,0,0,0,0,0,0,0,0,0,0,-0.00472145827677305,0,0,0,0,0,0,0,0,0,0,0,0,0,0,0,0,0,0,0,0,0,0,-0.00172930220415494,0,0,0,0,0,0,0,0,0,0,0,0,0,0,0,-0.0312863198412426,0,0,0,0,0,0,0,0,0,0,0,-0.0252228043622818,0,0,0,0,-0.0832685155827052,0,0,0,-0.00759124930953437,0,0,0,0,-0.0424229266744342,0,0,0,0,0,0,0,0,0,0,0,0,0,0,0,0,0,-0.045530247988256,0,0,0,0,0,0,0,0,0,0,0,0,0,0,0,0,0,0,0,-0.0226359282847261,0,0,0
46,0,0,0,0,0,0,-0.0595719869741163,0,-0.0795361599687127,-0.0491494659507255,0,0,-0.0256902896019501,0,-0.040269085302173,-0.0458216024824765,0,0,-0.0168562592073865,0,-0.0382830819043515,0,0,-0.0984005665914642,0,0,0,0,-0.0228518474122827,-0.0986746145054334,0,0,0,0,-0.0133447127302721,0,0,-0.01294347188276,0,0,0,0,0,0,0,0,1.01250456342826,0,0,0,-0.027519900486654,0,-0.0289349401831459,-0.0772018238112444,-0.113525529334564,0,0,0,0,0,0,0,0,0,0,0,0,0,0,0,0,0,0,0,0,0,0,0,-0.0335622016775122,0,0,-0.0681382798340134,0,0,0,0,-0.000856830514322377,0,0,0,0,-0.0467094380573228,0,0,0,0,0,0,0,0,0,0,0,0,0,0,0,0,0,0,0,0,0,0,0,0,0,0,0,0,0,0,0,0,0,0,0,0,0,0,0,0,0,0,0,0,0,0,0,0,0,0,0,0,0,0,0,0,0,0,0,0,0,0,0,0,0,0,0,0,0,0,0,0,0,0,0,0,0,0,0,0,0,0,0,0,0,0,0,0,0,0,0,0,0,0,0,0,0,0,0,0,0,0,0,0,0,0,0,-0.0192352758265104,0,0,0,0,0,0,0,0,0,0,0,0,0,0,0,0,0,0,0,0,0,0,0,0,0,0,0,0,0,0,0,0,0,0,0,0,0,0,0,0,0,0,0,0,0,0,0,0,0,0,0,0,0,0,0,0,0,0,0,0,0,0,0,0,0,0,0,0,0,0,0,0,0,0,0,0,0,0,0,0,0,0,0,0,0,0,0,0,0,0,0,0,0,0,0,0,0,0,0,0,0,0,0,0,0,0,0,0,0,0,0,0,0,0,0,0,0,0,0,0,0,0,0,0,0,0,0,0,0,0,0,0,0,0,0,0,0,0,0,0,0,0,0,0,0,0,0,0,0,0,0,0,0,0,0,0,0,0,0,0,0,0,0,0,0,0,0,0,0,0,0,0,0,0,0,0,0,0,0,0,0,0,0,0,0,0,0,0,0,0,0,0,0,0,0,0,0,0,0,0,0,0,0,0,0,0,0,0,0,0,0,0,0,0,0,0,0,0,0,0,0,0,0,0,0,0,0,0,0,0,0,0,0,0,0,0,0,0,0,0,0,0,0,0,0,0,0,0,0,0,0,0,0,0,0,0,0,0,0,0,0,0,0,0,0,0,0,0,0,0,0,0,0,0,0,0,0,0,0,0,0,0,0,0,0,0,0,0,0,0,0,0,0,0,0,0,0,0,0,0
47,0,0,0,0,0,0,0,0,0,0,0,0,0,0,0,0,0,0,0,0,0,0,0,0,0,0,0,0,0,0,0,0,0,0,0,0,0,0,0,0,0,0,0,0,0,0,0,0.802275751528072,0,0,0,0,0,0,0,0,0,0,0,0,0,0,0,0,0,-0.024949890145864,0,0,0,0,0,0,0,0,0,0,0,0,0,0,0,0,0,0,0,0,0,0,0,0,-0.0109096634261581,0,0,0,0,0,0,0,0,0,0,0,0,0,0,0,0,0,0,0,0,0,0,0,0,0,0,0,0,0,0,0,0,0,0,0,0,0,0,0,0,0,0,0,0,0,0,0,0,0,0,0,0,0,0,0,0,0,0,0,0,0,0,0,0,0,0,0,0,0,0,0,0,0,0,0,0,0,0,0,0,0,0,0,0,0,0,0,0,0,0,0,0,0,0,0,0,0,0,0,0,0,-0.00694651283899579,0,0,0,0,0,0,0,0,0,0,0,0,0,0,0,0,0,0,0,0,0,0,-0.0113696522278054,0,0,0,0,0,0,0,0,0,0,0,0,0,0,0,0,0,0,0,0,0,0,0,0,0,0,0,0,0,0,0,0,0,0,0,0,0,0,0,0,0,0,0,0,0,0,0,0,0,0,0,0,0,0,0,0,0,0,0,0,0,0,0,0,0,0,0,0,0,0,0,0,0,0,0,0,0,0,0,0,0,0,0,0,0,0,0,0,0,0,0,0,0,0,0,0,0,0,0,0,0,0,0,0,0,0,0,0,0,0,0,0,0,0,0,0,0,0,0,0,0,0,0,0,0,0,0,0,0,0,0,0,0,0,0,0,0,0,0,0,0,0,0,0,0,0,0,0,0,0,0,0,0,0,0,0,0,0,0,0,0,0,0,0,0,0,0,0,0,0,0,0,0,0,0,0,0,0,0,0,0,0,0,0,0,0,0,0,0,-0.0087589609974841,0,0,0,0,0,0,0,0,0,0,0,0,0,0,0,0,0,0,0,0,0,0,0,0,0,0,0,0,0,0,0,0,0,0,0,0,0,0,0,0,0,0,0,0,0,0,0,0,0,0,0,0,0,0,0,0,0,0,0,0,0,0,0,0,0,0,0,0,0,0,0,0,0,0,0,0,0,0,0,0,0,0,0,0,0,0,0,0,0,0,0,0,0,0
48,0,0,0,0,0,0,0,0,0,0,0,0,0,0,0,0,0,0,0,-0.0079147820279612,0,0,0,0,0,0,0,0,0,0,0,0,0,0,0,0,-0.027393986005892,0,0,0,0,0,0,0,0,0,0,0,0.867514376650603,0,0,0,0,0,0,0,0,0,0,0,0,0,0,0,0,0,0,0,0,0,0,0,0,0,0,0,0,0,0,0,0,0,0,0,0,0,0,0,0,0,0,0,0,0,0,0,0,0,0,0,0,0,0,0,0,0,0,0,0,0,0,0,0,0,0,0,0,0,0,0,0,0,0,0,0,0,0,0,0,0,0,0,0,0,0,0,0,0,0,0,0,0,0,0,0,0,0,0,0,0,0,0,0,0,0,0,0,0,0,0,0,0,0,0,0,0,0,0,0,0,0,0,0,0,0,0,0,0,0,0,0,0,0,0,0,0,0,-0.0186920354475922,0,0,-0.0392611153387014,0,0,0,0,0,0,0,0,-0.000822746278763166,0,0,0,0,0,0,0,-0.0108032479010002,0,0,0,0,0,0,0,0,0,0,0,0,0,0,0,0,0,0,-0.00970062797648924,0,0,0,0,0,0,0,0,0,0,0,0,0,0,0,0,0,0,0,0,0,0,0,0,0,0,0,0,0,0,0,0,0,0,0,0,0,0,0,0,0,0,0,0,0,0,0,0,0,0,0,0,0,0,0,0,0,0,0,0,0,0,0,0,0,0,0,-0.000174037021933043,0,0,0,0,0,0,0,0,0,0,0,0,-0.00376048499916376,0,0,0,0,0,0,0,0,0,0,0,0,0,-0.0162352763229643,0,0,0,0,0,0,0,0,0,0,-0.0295008459788211,0,0,0,0,0,0,0,0,0,0,0,0,0,0,0,0,0,0,0,0,0,-0.0136971163930103,0,0,0,0,0,0,0,0,0,0,0,0,0,0,0,-0.0280631608553275,0,0,0,0,0,0,0,0,0,0,0,0,0,0,0,0,0,0,0,0,0,0,0,0,0,0,0,0,0,0,0,0,0,0,0,0,0,0,0,-0.0433317590612201,0,0,-0.025081890486306,0,0,0,0,0,0,0,-0.0159178027616306,0,0,0,0,0,0,0,0,0,0,0,0,0,0,0,0,-0.0140950746251111,0,0,0,0,-0.00789964462718364,0,0,0,0,0,0,0,0,0,0,0,0,0,0,0,-0.00211209804559276,0,0,0,0,-0.0107520031679941,-0.0191271102198808,0,0,0,0,0,0,0,-0.0106255918068954,0,0,-0.00964751183855414,0,0,0,0,0,0,0,0,0,0,0,0,-0.00561507328034223,0,0,0,0,-0.0156564926541886,0,0,0,-0.023648088143732,0
49,0,0,0,0,0,0,0,0,0,0,0,0,0,0,0,0,0,0,0,0,0,0,0,0,0,0,0,0,0,0,0,0,0,0,0,0,0,0,0,0,0,0,0,0,0,0,0,0,0,0.873500167202563,0,0,0,0,0,0,0,0,0,0,0,0,0,0,0,0,0,0,0,0,-0.0306538780012851,0,0,0,0,0,0,0,0,0,0,0,0,0,0,0,0,0,0,0,0,0,0,0,0,0,0,0,0,0,0,0,0,0,0,0,0,0,0,0,0,0,0,0,0,0,0,0,0,0,0,0,0,0,0,0,0,0,0,0,0,0,0,0,0,0,0,0,0,0,0,0,0,0,0,0,0,0,0,0,0,0,0,0,0,0,0,0,0,0,0,0,0,0,0,0,0,0,0,0,0,0,0,0,0,0,0,0,0,0,0,0,0,0,0,0,0,0,0,0,0,0,0,0,0,0,0,0,0,0,0,0,0,-0.172677756504744,0,0,0,0,0,0,0,0,0,0,0,0,0,0,0,0,0,0,0,0,0,0,0,0,0,0,0,0,0,0,0,0,0,0,0,0,0,0,0,0,0,0,0,0,0,0,0,0,0,0,0,0,0,0,0,0,0,0,0,0,0,0,0,0,0,0,0,0,0,0,0,0,0,0,0,0,0,0,0,0,0,0,0,0,0,0,0,0,0,0,0,0,0,0,0,0,0,0,0,0,0,0,0,0,0,0,0,0,0,-0.0946728293471331,0,0,0,0,0,0,0,0,0,0,0,0,0,0,0,0,0,0,0,0,0,0,0,0,0,0,0,0,0,0,0,0,0,0,0,0,0,0,0,0,0,0,0,0,0,0,0,0,0,0,0,0,0,0,0,0,0,0,0,0,0,0,0,0,0,0,0,0,0,0,0,0,0,0,0,0,0,0,0,0,0,0,0,0,0,0,0,0,0,0,0,0,0,0,0,0,0,0,0,0,0,0,0,0,0,0,0,0,0,0,0,0,0,0,0,0,0,0,0,0,0,0,0,0,0,0,0,0,0,0,0,0,0,0,0,0,0,0,0,0,0,0,0,0,0,0,0,0,0,0,0,0,0,0,0,0,0,0,0,0,0,0,0,0,0,0,0,0,0,0,0,0,0,0,0,0,0,0,-0.0747433656827521,0,0,0,0,0,0,0
